epoch	train_loss	train_acc	test_loss	test_acc	width	lr	nonlin	criterion	parametrization
1	2.179733	0.233860	2.026967	0.279800	256	0.000488	relu	xent	sp
2	1.935886	0.310600	1.848852	0.340700	256	0.000488	relu	xent	sp
3	1.801047	0.363860	1.744849	0.383000	256	0.000488	relu	xent	sp
4	1.715949	0.391300	1.672328	0.405200	256	0.000488	relu	xent	sp
5	1.656741	0.414340	1.626345	0.429100	256	0.000488	relu	xent	sp
6	1.611953	0.430320	1.589887	0.441700	256	0.000488	relu	xent	sp
7	1.573647	0.444320	1.558635	0.455600	256	0.000488	relu	xent	sp
8	1.538534	0.458600	1.532864	0.462600	256	0.000488	relu	xent	sp
9	1.506679	0.470720	1.509436	0.473600	256	0.000488	relu	xent	sp
10	1.477162	0.480780	1.489984	0.479700	256	0.000488	relu	xent	sp
11	1.449912	0.490820	1.469906	0.488500	256	0.000488	relu	xent	sp
12	1.423952	0.501900	1.451779	0.492200	256	0.000488	relu	xent	sp
13	1.399745	0.508980	1.441811	0.495600	256	0.000488	relu	xent	sp
14	1.377227	0.517480	1.429770	0.497900	256	0.000488	relu	xent	sp
15	1.354797	0.526160	1.417703	0.501400	256	0.000488	relu	xent	sp
16	1.334329	0.533680	1.406724	0.506400	256	0.000488	relu	xent	sp
17	1.313242	0.541680	1.398542	0.508100	256	0.000488	relu	xent	sp
18	1.293928	0.548720	1.390435	0.512500	256	0.000488	relu	xent	sp
19	1.273731	0.556380	1.385203	0.509500	256	0.000488	relu	xent	sp
20	1.255572	0.561460	1.375412	0.516400	256	0.000488	relu	xent	sp
1	2.030838	0.296160	1.860239	0.351200	2048	0.000488	relu	xent	sp
2	1.787714	0.374520	1.724695	0.399900	2048	0.000488	relu	xent	sp
3	1.683319	0.410560	1.644590	0.430300	2048	0.000488	relu	xent	sp
4	1.615606	0.436180	1.591870	0.449000	2048	0.000488	relu	xent	sp
5	1.564326	0.454420	1.555086	0.456000	2048	0.000488	relu	xent	sp
6	1.520675	0.469840	1.521332	0.466900	2048	0.000488	relu	xent	sp
7	1.482175	0.484940	1.499606	0.472400	2048	0.000488	relu	xent	sp
8	1.446925	0.497080	1.475216	0.485500	2048	0.000488	relu	xent	sp
9	1.412927	0.509700	1.450834	0.491100	2048	0.000488	relu	xent	sp
10	1.381113	0.521500	1.434491	0.498800	2048	0.000488	relu	xent	sp
11	1.349619	0.532800	1.413989	0.504400	2048	0.000488	relu	xent	sp
12	1.319199	0.545160	1.405081	0.507500	2048	0.000488	relu	xent	sp
13	1.289679	0.554840	1.390663	0.512700	2048	0.000488	relu	xent	sp
14	1.261439	0.564420	1.376066	0.519600	2048	0.000488	relu	xent	sp
15	1.232647	0.576000	1.368284	0.515600	2048	0.000488	relu	xent	sp
16	1.204534	0.585040	1.353043	0.527300	2048	0.000488	relu	xent	sp
17	1.176207	0.598320	1.344998	0.528300	2048	0.000488	relu	xent	sp
18	1.149543	0.608360	1.344984	0.529000	2048	0.000488	relu	xent	sp
19	1.122745	0.617820	1.336316	0.529600	2048	0.000488	relu	xent	sp
20	1.095539	0.629220	1.327128	0.534900	2048	0.000488	relu	xent	sp
1	2.062840	0.266920	1.851708	0.339700	256	0.000977	relu	xent	sp
2	1.759811	0.379080	1.676189	0.411500	256	0.000977	relu	xent	sp
3	1.638851	0.422300	1.594503	0.441200	256	0.000977	relu	xent	sp
4	1.563895	0.449940	1.543254	0.456800	256	0.000977	relu	xent	sp
5	1.505304	0.469740	1.501459	0.474300	256	0.000977	relu	xent	sp
6	1.454673	0.488980	1.464033	0.487300	256	0.000977	relu	xent	sp
7	1.411491	0.505640	1.449735	0.488800	256	0.000977	relu	xent	sp
8	1.371608	0.518920	1.419751	0.497800	256	0.000977	relu	xent	sp
9	1.334958	0.534500	1.404375	0.503100	256	0.000977	relu	xent	sp
10	1.302396	0.544400	1.394926	0.510100	256	0.000977	relu	xent	sp
11	1.269746	0.557440	1.383559	0.513500	256	0.000977	relu	xent	sp
12	1.240353	0.567960	1.375561	0.518500	256	0.000977	relu	xent	sp
13	1.210359	0.578920	1.377434	0.520000	256	0.000977	relu	xent	sp
14	1.182492	0.590000	1.363851	0.518600	256	0.000977	relu	xent	sp
15	1.155541	0.597840	1.355650	0.531200	256	0.000977	relu	xent	sp
16	1.128687	0.608240	1.370892	0.524800	256	0.000977	relu	xent	sp
17	1.104031	0.617640	1.381344	0.517800	256	0.000977	relu	xent	sp
18	1.078990	0.627120	1.363615	0.525700	256	0.000977	relu	xent	sp
19	1.051722	0.636160	1.361297	0.525300	256	0.000977	relu	xent	sp
20	1.028557	0.645340	1.368641	0.528000	256	0.000977	relu	xent	sp
1	1.919344	0.329180	1.733569	0.393200	2048	0.000977	relu	xent	sp
2	1.660994	0.418240	1.601422	0.440400	2048	0.000977	relu	xent	sp
3	1.554727	0.457580	1.525406	0.466800	2048	0.000977	relu	xent	sp
4	1.478823	0.482420	1.479038	0.484800	2048	0.000977	relu	xent	sp
5	1.415548	0.507580	1.441834	0.493500	2048	0.000977	relu	xent	sp
6	1.358912	0.528860	1.414880	0.501500	2048	0.000977	relu	xent	sp
7	1.304677	0.549260	1.383059	0.512900	2048	0.000977	relu	xent	sp
8	1.252890	0.567560	1.397364	0.505600	2048	0.000977	relu	xent	sp
9	1.205386	0.586220	1.355531	0.521400	2048	0.000977	relu	xent	sp
10	1.159442	0.600860	1.342657	0.526200	2048	0.000977	relu	xent	sp
11	1.112499	0.619180	1.337857	0.528900	2048	0.000977	relu	xent	sp
12	1.068655	0.635180	1.328475	0.530000	2048	0.000977	relu	xent	sp
13	1.020894	0.652060	1.335707	0.531800	2048	0.000977	relu	xent	sp
14	0.976764	0.669600	1.342817	0.528500	2048	0.000977	relu	xent	sp
15	0.927608	0.688380	1.325221	0.539000	2048	0.000977	relu	xent	sp
16	0.883801	0.706340	1.334511	0.545100	2048	0.000977	relu	xent	sp
17	0.838926	0.721440	1.369058	0.532500	2048	0.000977	relu	xent	sp
18	0.795655	0.735740	1.354194	0.535200	2048	0.000977	relu	xent	sp
19	0.748870	0.753620	1.375414	0.541400	2048	0.000977	relu	xent	sp
20	0.703596	0.771620	1.399809	0.539800	2048	0.000977	relu	xent	sp
1	1.919300	0.314760	1.696303	0.392300	256	0.001953	relu	xent	sp
2	1.629098	0.424800	1.561266	0.448400	256	0.001953	relu	xent	sp
3	1.512538	0.467440	1.485515	0.476000	256	0.001953	relu	xent	sp
4	1.431069	0.496120	1.434700	0.492500	256	0.001953	relu	xent	sp
5	1.366743	0.521600	1.406502	0.505200	256	0.001953	relu	xent	sp
6	1.312793	0.540900	1.391836	0.510400	256	0.001953	relu	xent	sp
7	1.266665	0.555600	1.397131	0.510700	256	0.001953	relu	xent	sp
8	1.222132	0.570520	1.365057	0.521100	256	0.001953	relu	xent	sp
9	1.181097	0.585420	1.361100	0.524500	256	0.001953	relu	xent	sp
10	1.140328	0.600700	1.356071	0.529800	256	0.001953	relu	xent	sp
11	1.100212	0.614840	1.355234	0.532100	256	0.001953	relu	xent	sp
12	1.064348	0.628120	1.376018	0.528700	256	0.001953	relu	xent	sp
13	1.032235	0.638980	1.363157	0.533500	256	0.001953	relu	xent	sp
14	0.994679	0.654200	1.381688	0.532200	256	0.001953	relu	xent	sp
15	0.963150	0.664480	1.391464	0.524500	256	0.001953	relu	xent	sp
16	0.929020	0.676600	1.395207	0.527500	256	0.001953	relu	xent	sp
17	0.899128	0.687060	1.419968	0.529400	256	0.001953	relu	xent	sp
18	0.862019	0.698420	1.441257	0.529900	256	0.001953	relu	xent	sp
19	0.831172	0.711540	1.474996	0.524300	256	0.001953	relu	xent	sp
20	0.797265	0.723600	1.473527	0.528400	256	0.001953	relu	xent	sp
1	1.809472	0.364260	1.612340	0.436400	2048	0.001953	relu	xent	sp
2	1.547051	0.459740	1.503185	0.469600	2048	0.001953	relu	xent	sp
3	1.430220	0.499500	1.428664	0.498100	2048	0.001953	relu	xent	sp
4	1.335247	0.535580	1.396610	0.507300	2048	0.001953	relu	xent	sp
5	1.256736	0.563620	1.368563	0.515200	2048	0.001953	relu	xent	sp
6	1.179883	0.590660	1.365465	0.520300	2048	0.001953	relu	xent	sp
7	1.113442	0.614760	1.342466	0.527000	2048	0.001953	relu	xent	sp
8	1.042011	0.642520	1.331260	0.541600	2048	0.001953	relu	xent	sp
9	0.973863	0.666820	1.314720	0.545800	2048	0.001953	relu	xent	sp
10	0.910044	0.691460	1.329322	0.542400	2048	0.001953	relu	xent	sp
11	0.847664	0.714160	1.355186	0.539200	2048	0.001953	relu	xent	sp
12	0.781358	0.738540	1.389045	0.537400	2048	0.001953	relu	xent	sp
13	0.721759	0.757780	1.437026	0.536700	2048	0.001953	relu	xent	sp
14	0.659284	0.780640	1.432680	0.544000	2048	0.001953	relu	xent	sp
15	0.598382	0.803760	1.473583	0.543400	2048	0.001953	relu	xent	sp
16	0.543566	0.823480	1.479471	0.542800	2048	0.001953	relu	xent	sp
17	0.486513	0.844060	1.598762	0.527000	2048	0.001953	relu	xent	sp
18	0.447965	0.857060	1.593250	0.536000	2048	0.001953	relu	xent	sp
19	0.396043	0.876860	1.622237	0.543500	2048	0.001953	relu	xent	sp
20	0.355523	0.890760	1.635282	0.549100	2048	0.001953	relu	xent	sp
1	1.804962	0.357920	1.585594	0.436700	256	0.003906	relu	xent	sp
2	1.524982	0.463300	1.476288	0.482100	256	0.003906	relu	xent	sp
3	1.410274	0.502700	1.431513	0.493200	256	0.003906	relu	xent	sp
4	1.329626	0.533620	1.394026	0.514800	256	0.003906	relu	xent	sp
5	1.263143	0.556400	1.381096	0.517800	256	0.003906	relu	xent	sp
6	1.205531	0.579620	1.365650	0.522400	256	0.003906	relu	xent	sp
7	1.151457	0.595500	1.376540	0.523500	256	0.003906	relu	xent	sp
8	1.096115	0.617520	1.364979	0.531100	256	0.003906	relu	xent	sp
9	1.051118	0.635520	1.365270	0.527100	256	0.003906	relu	xent	sp
10	1.002174	0.649660	1.384980	0.527700	256	0.003906	relu	xent	sp
11	0.958463	0.664560	1.377680	0.536900	256	0.003906	relu	xent	sp
12	0.916604	0.679600	1.435162	0.527200	256	0.003906	relu	xent	sp
13	0.870041	0.698960	1.442497	0.524600	256	0.003906	relu	xent	sp
14	0.828871	0.710860	1.437997	0.535800	256	0.003906	relu	xent	sp
15	0.787572	0.725680	1.464381	0.535700	256	0.003906	relu	xent	sp
16	0.747662	0.738880	1.511012	0.533800	256	0.003906	relu	xent	sp
17	0.706781	0.753300	1.607080	0.525100	256	0.003906	relu	xent	sp
18	0.666773	0.769480	1.580637	0.531500	256	0.003906	relu	xent	sp
19	0.631881	0.782980	1.604315	0.528300	256	0.003906	relu	xent	sp
20	0.598922	0.793940	1.660470	0.533100	256	0.003906	relu	xent	sp
1	1.715410	0.395240	1.527094	0.461600	2048	0.003906	relu	xent	sp
2	1.452179	0.490220	1.456892	0.487900	2048	0.003906	relu	xent	sp
3	1.323979	0.535100	1.383236	0.513900	2048	0.003906	relu	xent	sp
4	1.217121	0.575600	1.358602	0.523000	2048	0.003906	relu	xent	sp
5	1.119327	0.611200	1.359138	0.530800	2048	0.003906	relu	xent	sp
6	1.029261	0.644780	1.346384	0.534700	2048	0.003906	relu	xent	sp
7	0.937464	0.675720	1.370392	0.534400	2048	0.003906	relu	xent	sp
8	0.854861	0.708860	1.372890	0.547700	2048	0.003906	relu	xent	sp
9	0.768555	0.737940	1.406023	0.540300	2048	0.003906	relu	xent	sp
10	0.684336	0.768220	1.418332	0.545000	2048	0.003906	relu	xent	sp
11	0.607937	0.797820	1.462327	0.554300	2048	0.003906	relu	xent	sp
12	0.534403	0.822200	1.493536	0.550000	2048	0.003906	relu	xent	sp
13	0.455190	0.851240	1.567527	0.536800	2048	0.003906	relu	xent	sp
14	0.397463	0.871700	1.601969	0.545900	2048	0.003906	relu	xent	sp
15	0.330033	0.896340	1.668158	0.557600	2048	0.003906	relu	xent	sp
16	0.279544	0.913640	1.751259	0.543200	2048	0.003906	relu	xent	sp
17	0.236586	0.930760	1.758636	0.561600	2048	0.003906	relu	xent	sp
18	0.189435	0.946420	1.873066	0.542600	2048	0.003906	relu	xent	sp
19	0.164424	0.953460	1.914292	0.557000	2048	0.003906	relu	xent	sp
20	0.127684	0.966520	1.949391	0.562500	2048	0.003906	relu	xent	sp
1	1.715657	0.388740	1.518895	0.464100	256	0.007812	relu	xent	sp
2	1.461592	0.484680	1.491649	0.467000	256	0.007812	relu	xent	sp
3	1.350011	0.525360	1.387270	0.511400	256	0.007812	relu	xent	sp
4	1.267643	0.554700	1.383625	0.513200	256	0.007812	relu	xent	sp
5	1.195973	0.579960	1.410735	0.504600	256	0.007812	relu	xent	sp
6	1.132463	0.603000	1.386827	0.524000	256	0.007812	relu	xent	sp
7	1.079582	0.622020	1.395184	0.524400	256	0.007812	relu	xent	sp
8	1.012294	0.644100	1.432679	0.516100	256	0.007812	relu	xent	sp
9	0.959976	0.661180	1.425084	0.531300	256	0.007812	relu	xent	sp
10	0.906034	0.682920	1.455145	0.522200	256	0.007812	relu	xent	sp
11	0.858431	0.697780	1.484448	0.531600	256	0.007812	relu	xent	sp
12	0.801878	0.716080	1.522882	0.526200	256	0.007812	relu	xent	sp
13	0.759584	0.735240	1.559318	0.527600	256	0.007812	relu	xent	sp
14	0.708323	0.750820	1.647331	0.518500	256	0.007812	relu	xent	sp
15	0.663171	0.766480	1.665358	0.525900	256	0.007812	relu	xent	sp
16	0.632122	0.776720	1.708933	0.525700	256	0.007812	relu	xent	sp
17	0.590714	0.792940	1.776647	0.521400	256	0.007812	relu	xent	sp
18	0.554456	0.804660	1.816958	0.519900	256	0.007812	relu	xent	sp
19	0.510248	0.820180	1.918966	0.525400	256	0.007812	relu	xent	sp
20	0.471478	0.833800	2.032878	0.521900	256	0.007812	relu	xent	sp
1	1.647375	0.414300	1.480027	0.480000	2048	0.007812	relu	xent	sp
2	1.388319	0.511700	1.389034	0.513500	2048	0.007812	relu	xent	sp
3	1.248003	0.563520	1.363485	0.521800	2048	0.007812	relu	xent	sp
4	1.130292	0.607120	1.352591	0.533200	2048	0.007812	relu	xent	sp
5	1.020933	0.643340	1.335957	0.540800	2048	0.007812	relu	xent	sp
6	0.906443	0.686780	1.325577	0.552800	2048	0.007812	relu	xent	sp
7	0.800436	0.723320	1.392507	0.547900	2048	0.007812	relu	xent	sp
8	0.703212	0.757440	1.426365	0.548100	2048	0.007812	relu	xent	sp
9	0.593902	0.798440	1.514735	0.544100	2048	0.007812	relu	xent	sp
10	0.491751	0.834700	1.579719	0.542100	2048	0.007812	relu	xent	sp
11	0.409096	0.863880	1.643448	0.544700	2048	0.007812	relu	xent	sp
12	0.341237	0.887040	1.711651	0.550900	2048	0.007812	relu	xent	sp
13	0.276845	0.909960	1.773489	0.551500	2048	0.007812	relu	xent	sp
14	0.215209	0.934060	1.915640	0.552600	2048	0.007812	relu	xent	sp
15	0.177070	0.945120	1.991430	0.555200	2048	0.007812	relu	xent	sp
16	0.138802	0.958400	2.055692	0.558200	2048	0.007812	relu	xent	sp
17	0.110775	0.967900	2.173070	0.554500	2048	0.007812	relu	xent	sp
18	0.090593	0.974880	2.185531	0.560400	2048	0.007812	relu	xent	sp
19	0.060256	0.985000	2.264974	0.566600	2048	0.007812	relu	xent	sp
20	0.038647	0.991100	2.353715	0.572600	2048	0.007812	relu	xent	sp
1	1.678343	0.400800	1.544987	0.448300	256	0.015625	relu	xent	sp
2	1.453218	0.485220	1.463042	0.479500	256	0.015625	relu	xent	sp
3	1.353089	0.522500	1.423407	0.503300	256	0.015625	relu	xent	sp
4	1.270230	0.551660	1.400210	0.510800	256	0.015625	relu	xent	sp
5	1.205374	0.575020	1.400370	0.512000	256	0.015625	relu	xent	sp
6	1.142301	0.593900	1.437052	0.507900	256	0.015625	relu	xent	sp
7	1.079642	0.616260	1.414891	0.532300	256	0.015625	relu	xent	sp
8	1.025145	0.637940	1.473414	0.512800	256	0.015625	relu	xent	sp
9	0.970926	0.655680	1.456259	0.526800	256	0.015625	relu	xent	sp
10	0.922308	0.669940	1.536581	0.508500	256	0.015625	relu	xent	sp
11	0.871602	0.689860	1.581966	0.525200	256	0.015625	relu	xent	sp
12	0.837090	0.701920	1.593988	0.513200	256	0.015625	relu	xent	sp
13	0.790097	0.716780	1.663521	0.521500	256	0.015625	relu	xent	sp
14	0.755190	0.729940	1.685251	0.520700	256	0.015625	relu	xent	sp
15	0.718566	0.744580	1.752982	0.521400	256	0.015625	relu	xent	sp
16	0.688139	0.754020	1.864394	0.511200	256	0.015625	relu	xent	sp
17	0.652652	0.768380	1.902308	0.519600	256	0.015625	relu	xent	sp
18	0.620156	0.778820	2.030065	0.505000	256	0.015625	relu	xent	sp
19	0.604004	0.787420	2.049497	0.509000	256	0.015625	relu	xent	sp
20	0.577202	0.794500	2.137285	0.520500	256	0.015625	relu	xent	sp
1	1.621176	0.423660	1.459673	0.473200	2048	0.015625	relu	xent	sp
2	1.375025	0.514940	1.421525	0.505500	2048	0.015625	relu	xent	sp
3	1.238717	0.561840	1.341661	0.535200	2048	0.015625	relu	xent	sp
4	1.112789	0.607620	1.394435	0.521100	2048	0.015625	relu	xent	sp
5	0.993010	0.650620	1.363313	0.542300	2048	0.015625	relu	xent	sp
6	0.875954	0.689920	1.422231	0.541200	2048	0.015625	relu	xent	sp
7	0.762236	0.731960	1.490524	0.541100	2048	0.015625	relu	xent	sp
8	0.653887	0.771960	1.555373	0.543400	2048	0.015625	relu	xent	sp
9	0.559584	0.805800	1.666202	0.532800	2048	0.015625	relu	xent	sp
10	0.466446	0.838960	1.783716	0.542000	2048	0.015625	relu	xent	sp
11	0.389903	0.866500	1.858695	0.543000	2048	0.015625	relu	xent	sp
12	0.330705	0.888100	2.061489	0.532300	2048	0.015625	relu	xent	sp
13	0.275265	0.906620	2.149423	0.548600	2048	0.015625	relu	xent	sp
14	0.239826	0.918180	2.225323	0.554100	2048	0.015625	relu	xent	sp
15	0.219208	0.926140	2.292405	0.549200	2048	0.015625	relu	xent	sp
16	0.196740	0.934460	2.423061	0.546000	2048	0.015625	relu	xent	sp
17	0.183085	0.938260	2.625241	0.553000	2048	0.015625	relu	xent	sp
18	0.148659	0.949320	2.696095	0.544600	2048	0.015625	relu	xent	sp
19	0.148480	0.949540	2.783056	0.542900	2048	0.015625	relu	xent	sp
20	0.127969	0.958260	2.863331	0.549600	2048	0.015625	relu	xent	sp
1	1.704780	0.391780	1.568291	0.440800	256	0.031250	relu	xent	sp
2	1.534229	0.457920	1.576162	0.432000	256	0.031250	relu	xent	sp
3	1.452649	0.486480	1.523576	0.477100	256	0.031250	relu	xent	sp
4	1.391819	0.509580	1.537489	0.473400	256	0.031250	relu	xent	sp
5	1.344352	0.528460	1.528622	0.484000	256	0.031250	relu	xent	sp
6	1.299417	0.542020	1.547429	0.482000	256	0.031250	relu	xent	sp
7	1.255176	0.559240	1.570842	0.473500	256	0.031250	relu	xent	sp
8	1.218811	0.571500	1.565020	0.485800	256	0.031250	relu	xent	sp
9	1.171877	0.590820	1.631859	0.482500	256	0.031250	relu	xent	sp
10	1.149865	0.594960	1.611134	0.486800	256	0.031250	relu	xent	sp
11	1.111232	0.610460	1.666231	0.499000	256	0.031250	relu	xent	sp
12	1.083561	0.620480	1.718383	0.480500	256	0.031250	relu	xent	sp
13	1.070136	0.625660	1.679863	0.489300	256	0.031250	relu	xent	sp
14	1.056569	0.633680	1.744129	0.493700	256	0.031250	relu	xent	sp
15	1.026192	0.642460	1.794969	0.487100	256	0.031250	relu	xent	sp
16	1.002115	0.655840	1.820934	0.486100	256	0.031250	relu	xent	sp
17	1.000289	0.656920	1.845774	0.493300	256	0.031250	relu	xent	sp
18	0.972009	0.666220	1.834079	0.479600	256	0.031250	relu	xent	sp
19	0.976039	0.668720	1.876002	0.486100	256	0.031250	relu	xent	sp
20	0.948263	0.674940	2.000938	0.480800	256	0.031250	relu	xent	sp
1	1.657707	0.412140	1.588208	0.454600	2048	0.031250	relu	xent	sp
2	1.463237	0.484960	1.477430	0.484100	2048	0.031250	relu	xent	sp
3	1.352787	0.526000	1.550946	0.469500	2048	0.031250	relu	xent	sp
4	1.257807	0.556220	1.481212	0.497300	2048	0.031250	relu	xent	sp
5	1.168276	0.591820	1.488195	0.507300	2048	0.031250	relu	xent	sp
6	1.080303	0.624200	1.531106	0.497300	2048	0.031250	relu	xent	sp
7	1.002639	0.648980	1.614598	0.515200	2048	0.031250	relu	xent	sp
8	0.925155	0.679620	1.651542	0.493100	2048	0.031250	relu	xent	sp
9	0.865602	0.701800	1.686735	0.518300	2048	0.031250	relu	xent	sp
10	0.808500	0.723860	1.839809	0.508300	2048	0.031250	relu	xent	sp
11	0.755610	0.744700	1.978883	0.511900	2048	0.031250	relu	xent	sp
12	0.720637	0.757900	1.998487	0.515100	2048	0.031250	relu	xent	sp
13	0.673637	0.775900	2.137534	0.515600	2048	0.031250	relu	xent	sp
14	0.639403	0.789600	2.282284	0.493600	2048	0.031250	relu	xent	sp
15	0.631930	0.794860	2.288388	0.500200	2048	0.031250	relu	xent	sp
16	0.606630	0.804640	2.431564	0.507100	2048	0.031250	relu	xent	sp
17	0.618526	0.803680	2.506785	0.508900	2048	0.031250	relu	xent	sp
18	0.559320	0.824360	2.735307	0.502000	2048	0.031250	relu	xent	sp
19	0.590223	0.818760	2.887850	0.498000	2048	0.031250	relu	xent	sp
20	0.589740	0.822620	2.933345	0.497000	2048	0.031250	relu	xent	sp
1	1.840975	0.349620	1.834683	0.357300	256	0.062500	relu	xent	sp
2	1.806981	0.373880	1.794336	0.381200	256	0.062500	relu	xent	sp
3	1.795234	0.380460	1.861486	0.361800	256	0.062500	relu	xent	sp
4	1.779943	0.396280	1.949848	0.364400	256	0.062500	relu	xent	sp
5	1.778706	0.396980	1.842837	0.379400	256	0.062500	relu	xent	sp
6	1.773142	0.396200	1.915224	0.371700	256	0.062500	relu	xent	sp
7	1.761334	0.405080	1.849396	0.380900	256	0.062500	relu	xent	sp
8	1.743354	0.413680	1.883071	0.384500	256	0.062500	relu	xent	sp
9	1.736929	0.418500	1.851106	0.383800	256	0.062500	relu	xent	sp
10	1.731803	0.422400	1.887820	0.372800	256	0.062500	relu	xent	sp
11	1.736857	0.418580	1.861772	0.379300	256	0.062500	relu	xent	sp
12	1.720724	0.427960	1.905056	0.381300	256	0.062500	relu	xent	sp
13	1.722398	0.425520	1.932542	0.356300	256	0.062500	relu	xent	sp
14	1.726268	0.423960	1.965489	0.382400	256	0.062500	relu	xent	sp
15	1.727966	0.424960	1.994256	0.365400	256	0.062500	relu	xent	sp
16	1.708546	0.432660	1.939154	0.373100	256	0.062500	relu	xent	sp
17	1.690558	0.440720	1.990506	0.356700	256	0.062500	relu	xent	sp
18	1.694329	0.438960	1.989646	0.393600	256	0.062500	relu	xent	sp
19	1.688230	0.440500	2.022365	0.386000	256	0.062500	relu	xent	sp
20	1.664402	0.447440	2.073466	0.375700	256	0.062500	relu	xent	sp
1	1.795654	0.367300	1.751878	0.378400	2048	0.062500	relu	xent	sp
2	1.715072	0.408300	1.744604	0.383700	2048	0.062500	relu	xent	sp
3	1.681587	0.420220	1.730749	0.413100	2048	0.062500	relu	xent	sp
4	1.656984	0.431820	1.749868	0.403900	2048	0.062500	relu	xent	sp
5	1.632821	0.446260	1.908966	0.411700	2048	0.062500	relu	xent	sp
6	1.623538	0.452740	1.757724	0.401600	2048	0.062500	relu	xent	sp
7	1.604918	0.462940	1.962736	0.390500	2048	0.062500	relu	xent	sp
8	1.576171	0.473920	1.864937	0.405900	2048	0.062500	relu	xent	sp
9	1.560606	0.481360	1.846684	0.411200	2048	0.062500	relu	xent	sp
10	1.539243	0.492740	1.930290	0.408900	2048	0.062500	relu	xent	sp
11	1.528277	0.496660	1.962977	0.406100	2048	0.062500	relu	xent	sp
12	1.509263	0.507500	1.934455	0.419400	2048	0.062500	relu	xent	sp
13	1.502313	0.512680	2.082706	0.380600	2048	0.062500	relu	xent	sp
14	1.488576	0.516360	2.002034	0.405600	2048	0.062500	relu	xent	sp
15	1.462434	0.526640	2.168885	0.402100	2048	0.062500	relu	xent	sp
16	1.445818	0.533680	2.091261	0.415200	2048	0.062500	relu	xent	sp
17	1.447719	0.533880	2.166054	0.410100	2048	0.062500	relu	xent	sp
18	1.422158	0.545900	2.121536	0.410500	2048	0.062500	relu	xent	sp
19	1.434620	0.540040	2.227924	0.389900	2048	0.062500	relu	xent	sp
20	1.433495	0.543200	2.298618	0.387100	2048	0.062500	relu	xent	sp
1	2.121401	0.255300	2.076152	0.238000	256	0.125000	relu	xent	sp
2	2.160286	0.231600	2.164499	0.211200	256	0.125000	relu	xent	sp
3	2.177153	0.215840	2.181709	0.239100	256	0.125000	relu	xent	sp
4	2.204728	0.197780	2.195609	0.219100	256	0.125000	relu	xent	sp
5	2.177306	0.206480	2.286788	0.193200	256	0.125000	relu	xent	sp
6	2.198521	0.199260	2.241174	0.182400	256	0.125000	relu	xent	sp
7	2.201072	0.182400	2.229802	0.177600	256	0.125000	relu	xent	sp
8	2.208937	0.177800	2.240326	0.168300	256	0.125000	relu	xent	sp
9	2.212549	0.178440	2.209247	0.173500	256	0.125000	relu	xent	sp
10	2.222697	0.173740	2.198100	0.167300	256	0.125000	relu	xent	sp
11	2.194577	0.182360	2.195815	0.193200	256	0.125000	relu	xent	sp
12	2.192875	0.187340	2.198710	0.212600	256	0.125000	relu	xent	sp
13	2.178860	0.193400	2.226173	0.162400	256	0.125000	relu	xent	sp
14	2.224954	0.168980	2.191693	0.182300	256	0.125000	relu	xent	sp
15	2.177959	0.191920	2.161066	0.220800	256	0.125000	relu	xent	sp
16	2.179018	0.194040	2.206781	0.190700	256	0.125000	relu	xent	sp
17	2.200010	0.184460	2.218508	0.176200	256	0.125000	relu	xent	sp
18	2.174998	0.194500	2.145976	0.208300	256	0.125000	relu	xent	sp
19	2.191608	0.185820	2.206996	0.193000	256	0.125000	relu	xent	sp
20	2.169394	0.197160	2.170457	0.170100	256	0.125000	relu	xent	sp
1	2.053586	0.288120	2.109643	0.282800	2048	0.125000	relu	xent	sp
2	2.067709	0.293240	2.121171	0.307400	2048	0.125000	relu	xent	sp
3	2.097569	0.283400	2.151012	0.284200	2048	0.125000	relu	xent	sp
4	2.110647	0.270720	2.192589	0.246300	2048	0.125000	relu	xent	sp
5	2.132605	0.262580	2.385285	0.230200	2048	0.125000	relu	xent	sp
6	2.141719	0.258760	2.242011	0.250100	2048	0.125000	relu	xent	sp
7	2.156539	0.240880	2.193434	0.253400	2048	0.125000	relu	xent	sp
8	2.164612	0.240800	2.229294	0.213400	2048	0.125000	relu	xent	sp
9	2.231812	0.187620	2.292389	0.136100	2048	0.125000	relu	xent	sp
10	2.236728	0.175320	2.247710	0.201600	2048	0.125000	relu	xent	sp
11	2.224468	0.187820	2.268432	0.178000	2048	0.125000	relu	xent	sp
12	2.211325	0.189320	2.296659	0.150400	2048	0.125000	relu	xent	sp
13	2.218758	0.187100	2.260750	0.161800	2048	0.125000	relu	xent	sp
14	2.211333	0.191920	2.229465	0.191500	2048	0.125000	relu	xent	sp
15	2.202130	0.198140	2.251803	0.169200	2048	0.125000	relu	xent	sp
16	2.224278	0.187340	2.259415	0.160500	2048	0.125000	relu	xent	sp
17	2.214239	0.190000	2.258394	0.169100	2048	0.125000	relu	xent	sp
18	2.254051	0.168200	2.321644	0.153800	2048	0.125000	relu	xent	sp
19	2.256104	0.159220	2.317063	0.155100	2048	0.125000	relu	xent	sp
20	2.234332	0.170560	2.323716	0.149400	2048	0.125000	relu	xent	sp
1	2.311394	0.119400	2.314126	0.130400	256	0.250000	relu	xent	sp
2	2.303947	0.105520	2.302580	0.100000	256	0.250000	relu	xent	sp
3	2.302593	0.100080	2.302585	0.100000	256	0.250000	relu	xent	sp
4	2.302543	0.100040	2.302585	0.100000	256	0.250000	relu	xent	sp
5	2.302539	0.100020	2.302585	0.100000	256	0.250000	relu	xent	sp
6	2.302539	0.100020	2.302585	0.100000	256	0.250000	relu	xent	sp
7	2.302539	0.100020	2.302585	0.100000	256	0.250000	relu	xent	sp
8	2.302539	0.100020	2.302585	0.100000	256	0.250000	relu	xent	sp
9	2.302539	0.100020	2.302585	0.100000	256	0.250000	relu	xent	sp
10	2.302539	0.100020	2.302585	0.100000	256	0.250000	relu	xent	sp
11	2.302539	0.100020	2.302585	0.100000	256	0.250000	relu	xent	sp
12	2.302539	0.100020	2.302585	0.100000	256	0.250000	relu	xent	sp
13	2.302539	0.100020	2.302585	0.100000	256	0.250000	relu	xent	sp
14	2.302539	0.100020	2.302585	0.100000	256	0.250000	relu	xent	sp
15	2.302539	0.100020	2.302585	0.100000	256	0.250000	relu	xent	sp
16	2.302539	0.100020	2.302585	0.100000	256	0.250000	relu	xent	sp
17	2.302539	0.100020	2.302585	0.100000	256	0.250000	relu	xent	sp
18	2.302539	0.100020	2.302585	0.100000	256	0.250000	relu	xent	sp
19	2.302539	0.100020	2.302585	0.100000	256	0.250000	relu	xent	sp
20	2.302539	0.100020	2.302585	0.100000	256	0.250000	relu	xent	sp
1	2.486387	0.180000	2.557479	0.158800	2048	0.250000	relu	xent	sp
2	2.336786	0.141420	2.381928	0.156800	2048	0.250000	relu	xent	sp
3	2.314168	0.111880	2.302577	0.100100	2048	0.250000	relu	xent	sp
4	2.302555	0.100340	2.302577	0.100100	2048	0.250000	relu	xent	sp
5	2.302621	0.100120	2.302577	0.100100	2048	0.250000	relu	xent	sp
6	2.302585	0.100000	2.302577	0.100100	2048	0.250000	relu	xent	sp
7	2.302585	0.100000	2.302577	0.100100	2048	0.250000	relu	xent	sp
8	2.302850	0.100220	2.302574	0.100100	2048	0.250000	relu	xent	sp
9	2.302604	0.100060	2.302571	0.100100	2048	0.250000	relu	xent	sp
10	2.302732	0.100140	2.302574	0.100100	2048	0.250000	relu	xent	sp
11	2.302653	0.100100	2.302575	0.100100	2048	0.250000	relu	xent	sp
12	2.302452	0.100280	2.302575	0.100100	2048	0.250000	relu	xent	sp
13	2.302493	0.100040	2.302575	0.100100	2048	0.250000	relu	xent	sp
14	2.302493	0.100040	2.302575	0.100100	2048	0.250000	relu	xent	sp
15	2.302493	0.100040	2.302575	0.100100	2048	0.250000	relu	xent	sp
16	2.302493	0.100040	2.302575	0.100100	2048	0.250000	relu	xent	sp
17	2.302493	0.100040	2.302575	0.100100	2048	0.250000	relu	xent	sp
18	2.302493	0.100040	2.302575	0.100100	2048	0.250000	relu	xent	sp
19	2.302493	0.100040	2.302575	0.100100	2048	0.250000	relu	xent	sp
20	2.302493	0.100040	2.302575	0.100100	2048	0.250000	relu	xent	sp
1	nan	0.101340	nan	0.100000	256	0.500000	relu	xent	sp
1	nan	0.100860	nan	0.100000	2048	0.500000	relu	xent	sp
