"Step","cifar10-mlp-sp-default-sgd-h1024-lr0.5 - loss","cifar10-mlp-sp-default-sgd-h1024-lr0.5 - loss__MIN","cifar10-mlp-sp-default-sgd-h1024-lr0.5 - loss__MAX","cifar10-mlp-sp-default-sgd-h1024-lr0.25 - loss","cifar10-mlp-sp-default-sgd-h1024-lr0.25 - loss__MIN","cifar10-mlp-sp-default-sgd-h1024-lr0.25 - loss__MAX","cifar10-mlp-sp-default-sgd-h1024-lr0.125 - loss","cifar10-mlp-sp-default-sgd-h1024-lr0.125 - loss__MIN","cifar10-mlp-sp-default-sgd-h1024-lr0.125 - loss__MAX","cifar10-mlp-sp-default-sgd-h1024-lr0.0625 - loss","cifar10-mlp-sp-default-sgd-h1024-lr0.0625 - loss__MIN","cifar10-mlp-sp-default-sgd-h1024-lr0.0625 - loss__MAX","cifar10-mlp-sp-default-sgd-h1024-lr0.0312 - loss","cifar10-mlp-sp-default-sgd-h1024-lr0.0312 - loss__MIN","cifar10-mlp-sp-default-sgd-h1024-lr0.0312 - loss__MAX","cifar10-mlp-sp-default-sgd-h1024-lr0.0156 - loss","cifar10-mlp-sp-default-sgd-h1024-lr0.0156 - loss__MIN","cifar10-mlp-sp-default-sgd-h1024-lr0.0156 - loss__MAX","cifar10-mlp-sp-default-sgd-h1024-lr0.00781 - loss","cifar10-mlp-sp-default-sgd-h1024-lr0.00781 - loss__MIN","cifar10-mlp-sp-default-sgd-h1024-lr0.00781 - loss__MAX","cifar10-mlp-sp-default-sgd-h1024-lr0.0039 - loss","cifar10-mlp-sp-default-sgd-h1024-lr0.0039 - loss__MIN","cifar10-mlp-sp-default-sgd-h1024-lr0.0039 - loss__MAX","cifar10-mlp-sp-default-sgd-h1024-lr0.00195 - loss","cifar10-mlp-sp-default-sgd-h1024-lr0.00195 - loss__MIN","cifar10-mlp-sp-default-sgd-h1024-lr0.00195 - loss__MAX","cifar10-mlp-sp-default-sgd-h1024-lr0.000976 - loss","cifar10-mlp-sp-default-sgd-h1024-lr0.000976 - loss__MIN","cifar10-mlp-sp-default-sgd-h1024-lr0.000976 - loss__MAX"
"0","2.295884609222412","2.295884609222412","2.295884609222412","2.3162975311279297","2.3162975311279297","2.3162975311279297","2.328474283218384","2.328474283218384","2.328474283218384","2.324863910675049","2.324863910675049","2.324863910675049","2.3099851608276367","2.3099851608276367","2.3099851608276367","2.3259921073913574","2.3259921073913574","2.3259921073913574","2.2952470779418945","2.2952470779418945","2.2952470779418945","2.3463692665100098","2.3463692665100098","2.3463692665100098","2.378972053527832","2.378972053527832","2.378972053527832","2.331807851791382","2.331807851791382","2.331807851791382"
"1","NaN","","","2.357182025909424","2.357182025909424","2.357182025909424","1.892296314239502","1.892296314239502","1.892296314239502","1.955899953842163","1.955899953842163","1.955899953842163","1.6296725273132324","1.6296725273132324","1.6296725273132324","1.565916895866394","1.565916895866394","1.565916895866394","1.665973424911499","1.665973424911499","1.665973424911499","1.772082805633545","1.772082805633545","1.772082805633545","2.012127637863159","2.012127637863159","2.012127637863159","2.0156428813934326","2.0156428813934326","2.0156428813934326"
"2","NaN","","","2.170027256011963","2.170027256011963","2.170027256011963","2.377140998840332","2.377140998840332","2.377140998840332","1.681188702583313","1.681188702583313","1.681188702583313","1.5308616161346436","1.5308616161346436","1.5308616161346436","1.6923754215240479","1.6923754215240479","1.6923754215240479","1.6264432668685913","1.6264432668685913","1.6264432668685913","1.7333824634552002","1.7333824634552002","1.7333824634552002","1.7588268518447876","1.7588268518447876","1.7588268518447876","2.0141921043395996","2.0141921043395996","2.0141921043395996"
"3","NaN","","","2.2664716243743896","2.2664716243743896","2.2664716243743896","2.0797104835510254","2.0797104835510254","2.0797104835510254","1.6805140972137451","1.6805140972137451","1.6805140972137451","1.493120789527893","1.493120789527893","1.493120789527893","1.6934044361114502","1.6934044361114502","1.6934044361114502","1.9236253499984741","1.9236253499984741","1.9236253499984741","1.5398240089416504","1.5398240089416504","1.5398240089416504","1.786482572555542","1.786482572555542","1.786482572555542","1.7011293172836304","1.7011293172836304","1.7011293172836304"
"4","NaN","","","2.360301971435547","2.360301971435547","2.360301971435547","2.30534291267395","2.30534291267395","2.30534291267395","1.9903976917266846","1.9903976917266846","1.9903976917266846","1.687978982925415","1.687978982925415","1.687978982925415","1.6230554580688477","1.6230554580688477","1.6230554580688477","1.2424577474594116","1.2424577474594116","1.2424577474594116","1.1996452808380127","1.1996452808380127","1.1996452808380127","1.5851376056671143","1.5851376056671143","1.5851376056671143","1.8779882192611694","1.8779882192611694","1.8779882192611694"
"5","NaN","","","2.073195457458496","2.073195457458496","2.073195457458496","2.2489306926727295","2.2489306926727295","2.2489306926727295","1.7009094953536987","1.7009094953536987","1.7009094953536987","1.3838987350463867","1.3838987350463867","1.3838987350463867","1.7683964967727661","1.7683964967727661","1.7683964967727661","1.422398328781128","1.422398328781128","1.422398328781128","1.5953590869903564","1.5953590869903564","1.5953590869903564","1.718614101409912","1.718614101409912","1.718614101409912","1.6164603233337402","1.6164603233337402","1.6164603233337402"
"6","NaN","","","2.196286678314209","2.196286678314209","2.196286678314209","2.0891144275665283","2.0891144275665283","2.0891144275665283","1.6424717903137207","1.6424717903137207","1.6424717903137207","1.582554578781128","1.582554578781128","1.582554578781128","1.303567886352539","1.303567886352539","1.303567886352539","1.4541141986846924","1.4541141986846924","1.4541141986846924","1.3877919912338257","1.3877919912338257","1.3877919912338257","1.415954828262329","1.415954828262329","1.415954828262329","1.8386372327804565","1.8386372327804565","1.8386372327804565"
"7","NaN","","","2.2184228897094727","2.2184228897094727","2.2184228897094727","2.2593865394592285","2.2593865394592285","2.2593865394592285","1.7888121604919434","1.7888121604919434","1.7888121604919434","1.39022696018219","1.39022696018219","1.39022696018219","1.323996901512146","1.323996901512146","1.323996901512146","1.330100655555725","1.330100655555725","1.330100655555725","1.3981430530548096","1.3981430530548096","1.3981430530548096","1.6107168197631836","1.6107168197631836","1.6107168197631836","1.6545276641845703","1.6545276641845703","1.6545276641845703"
"8","NaN","","","3.150045871734619","3.150045871734619","3.150045871734619","2.019476890563965","2.019476890563965","2.019476890563965","1.5511503219604492","1.5511503219604492","1.5511503219604492","1.5054523944854736","1.5054523944854736","1.5054523944854736","1.507920265197754","1.507920265197754","1.507920265197754","1.2981728315353394","1.2981728315353394","1.2981728315353394","1.4851667881011963","1.4851667881011963","1.4851667881011963","1.4983811378479004","1.4983811378479004","1.4983811378479004","1.7220455408096313","1.7220455408096313","1.7220455408096313"
"9","NaN","","","2.2357912063598633","2.2357912063598633","2.2357912063598633","2.0777997970581055","2.0777997970581055","2.0777997970581055","1.5849828720092773","1.5849828720092773","1.5849828720092773","1.4041101932525635","1.4041101932525635","1.4041101932525635","1.3548226356506348","1.3548226356506348","1.3548226356506348","1.3864405155181885","1.3864405155181885","1.3864405155181885","1.5658025741577148","1.5658025741577148","1.5658025741577148","1.5537129640579224","1.5537129640579224","1.5537129640579224","1.680143117904663","1.680143117904663","1.680143117904663"
"10","NaN","","","2.2757086753845215","2.2757086753845215","2.2757086753845215","2.284620761871338","2.284620761871338","2.284620761871338","1.971851110458374","1.971851110458374","1.971851110458374","1.5981292724609375","1.5981292724609375","1.5981292724609375","1.463365077972412","1.463365077972412","1.463365077972412","1.3895655870437622","1.3895655870437622","1.3895655870437622","1.2783362865447998","1.2783362865447998","1.2783362865447998","1.350317120552063","1.350317120552063","1.350317120552063","1.795753002166748","1.795753002166748","1.795753002166748"
"11","NaN","","","2.3450241088867188","2.3450241088867188","2.3450241088867188","1.8984930515289307","1.8984930515289307","1.8984930515289307","1.7134429216384888","1.7134429216384888","1.7134429216384888","1.3110899925231934","1.3110899925231934","1.3110899925231934","1.4717614650726318","1.4717614650726318","1.4717614650726318","1.4428660869598389","1.4428660869598389","1.4428660869598389","1.4629850387573242","1.4629850387573242","1.4629850387573242","1.4759454727172852","1.4759454727172852","1.4759454727172852","1.5974411964416504","1.5974411964416504","1.5974411964416504"
"12","NaN","","","2.3076932430267334","2.3076932430267334","2.3076932430267334","2.223569869995117","2.223569869995117","2.223569869995117","1.5573023557662964","1.5573023557662964","1.5573023557662964","1.5203204154968262","1.5203204154968262","1.5203204154968262","1.0551304817199707","1.0551304817199707","1.0551304817199707","1.4851573705673218","1.4851573705673218","1.4851573705673218","1.4417026042938232","1.4417026042938232","1.4417026042938232","1.2019141912460327","1.2019141912460327","1.2019141912460327","1.4558228254318237","1.4558228254318237","1.4558228254318237"
"13","NaN","","","2.3007984161376953","2.3007984161376953","2.3007984161376953","2.215831995010376","2.215831995010376","2.215831995010376","2.1629199981689453","2.1629199981689453","2.1629199981689453","1.3180814981460571","1.3180814981460571","1.3180814981460571","1.3141138553619385","1.3141138553619385","1.3141138553619385","1.2394931316375732","1.2394931316375732","1.2394931316375732","1.0908070802688599","1.0908070802688599","1.0908070802688599","1.4434418678283691","1.4434418678283691","1.4434418678283691","1.5830504894256592","1.5830504894256592","1.5830504894256592"
"14","NaN","","","2.301177501678467","2.301177501678467","2.301177501678467","1.979985237121582","1.979985237121582","1.979985237121582","1.5651627779006958","1.5651627779006958","1.5651627779006958","1.5126807689666748","1.5126807689666748","1.5126807689666748","1.4291201829910278","1.4291201829910278","1.4291201829910278","1.512298822402954","1.512298822402954","1.512298822402954","1.4891911745071411","1.4891911745071411","1.4891911745071411","1.3085064888000488","1.3085064888000488","1.3085064888000488","1.491849660873413","1.491849660873413","1.491849660873413"
"15","NaN","","","2.3025851249694824","2.3025851249694824","2.3025851249694824","2.2035181522369385","2.2035181522369385","2.2035181522369385","1.6528239250183105","1.6528239250183105","1.6528239250183105","1.2549176216125488","1.2549176216125488","1.2549176216125488","1.2143967151641846","1.2143967151641846","1.2143967151641846","1.5259044170379639","1.5259044170379639","1.5259044170379639","1.3152318000793457","1.3152318000793457","1.3152318000793457","1.3267085552215576","1.3267085552215576","1.3267085552215576","1.5116525888442993","1.5116525888442993","1.5116525888442993"
"16","NaN","","","2.3025851249694824","2.3025851249694824","2.3025851249694824","2.094027519226074","2.094027519226074","2.094027519226074","2.031876564025879","2.031876564025879","2.031876564025879","1.3516993522644043","1.3516993522644043","1.3516993522644043","1.3737220764160156","1.3737220764160156","1.3737220764160156","1.409123420715332","1.409123420715332","1.409123420715332","1.24482262134552","1.24482262134552","1.24482262134552","1.2271450757980347","1.2271450757980347","1.2271450757980347","1.6762803792953491","1.6762803792953491","1.6762803792953491"
"17","NaN","","","2.2881391048431396","2.2881391048431396","2.2881391048431396","1.9775116443634033","1.9775116443634033","1.9775116443634033","1.6178531646728516","1.6178531646728516","1.6178531646728516","1.4413455724716187","1.4413455724716187","1.4413455724716187","1.041974663734436","1.041974663734436","1.041974663734436","0.9448477029800415","0.9448477029800415","0.9448477029800415","1.5700219869613647","1.5700219869613647","1.5700219869613647","1.246391773223877","1.246391773223877","1.246391773223877","1.5463621616363525","1.5463621616363525","1.5463621616363525"
"18","NaN","","","2.334768533706665","2.334768533706665","2.334768533706665","2.1645712852478027","2.1645712852478027","2.1645712852478027","1.8222392797470093","1.8222392797470093","1.8222392797470093","1.227698802947998","1.227698802947998","1.227698802947998","1.0066145658493042","1.0066145658493042","1.0066145658493042","1.2831156253814697","1.2831156253814697","1.2831156253814697","1.1759991645812988","1.1759991645812988","1.1759991645812988","1.1834032535552979","1.1834032535552979","1.1834032535552979","1.5820202827453613","1.5820202827453613","1.5820202827453613"
"19","NaN","","","2.3025851249694824","2.3025851249694824","2.3025851249694824","2.1591224670410156","2.1591224670410156","2.1591224670410156","1.9143965244293213","1.9143965244293213","1.9143965244293213","1.1760731935501099","1.1760731935501099","1.1760731935501099","1.308219075202942","1.308219075202942","1.308219075202942","1.199851155281067","1.199851155281067","1.199851155281067","1.2017546892166138","1.2017546892166138","1.2017546892166138","1.5169787406921387","1.5169787406921387","1.5169787406921387","1.4604154825210571","1.4604154825210571","1.4604154825210571"
"20","NaN","","","2.3025851249694824","2.3025851249694824","2.3025851249694824","2.1857857704162598","2.1857857704162598","2.1857857704162598","1.4070278406143188","1.4070278406143188","1.4070278406143188","1.205894947052002","1.205894947052002","1.205894947052002","1.4029407501220703","1.4029407501220703","1.4029407501220703","0.9422144889831543","0.9422144889831543","0.9422144889831543","1.559574007987976","1.559574007987976","1.559574007987976","1.6396677494049072","1.6396677494049072","1.6396677494049072","1.360278844833374","1.360278844833374","1.360278844833374"
"21","NaN","","","2.3025851249694824","2.3025851249694824","2.3025851249694824","2.294340133666992","2.294340133666992","2.294340133666992","1.7454359531402588","1.7454359531402588","1.7454359531402588","1.4887195825576782","1.4887195825576782","1.4887195825576782","1.164940357208252","1.164940357208252","1.164940357208252","1.3221230506896973","1.3221230506896973","1.3221230506896973","0.8813284039497375","0.8813284039497375","0.8813284039497375","1.320646047592163","1.320646047592163","1.320646047592163","1.4365274906158447","1.4365274906158447","1.4365274906158447"
"22","NaN","","","2.3025851249694824","2.3025851249694824","2.3025851249694824","2.0590386390686035","2.0590386390686035","2.0590386390686035","1.5675148963928223","1.5675148963928223","1.5675148963928223","1.1420010328292847","1.1420010328292847","1.1420010328292847","1.11964750289917","1.11964750289917","1.11964750289917","1.2034441232681274","1.2034441232681274","1.2034441232681274","1.1573331356048584","1.1573331356048584","1.1573331356048584","1.4775882959365845","1.4775882959365845","1.4775882959365845","1.412388801574707","1.412388801574707","1.412388801574707"
"23","NaN","","","2.3025851249694824","2.3025851249694824","2.3025851249694824","2.1654860973358154","2.1654860973358154","2.1654860973358154","1.7974588871002197","1.7974588871002197","1.7974588871002197","1.3570353984832764","1.3570353984832764","1.3570353984832764","0.9804980754852295","0.9804980754852295","0.9804980754852295","1.0898878574371338","1.0898878574371338","1.0898878574371338","1.2989206314086914","1.2989206314086914","1.2989206314086914","1.4487706422805786","1.4487706422805786","1.4487706422805786","1.4320971965789795","1.4320971965789795","1.4320971965789795"
"24","NaN","","","2.3025851249694824","2.3025851249694824","2.3025851249694824","2.0598318576812744","2.0598318576812744","2.0598318576812744","1.5768342018127441","1.5768342018127441","1.5768342018127441","1.2642912864685059","1.2642912864685059","1.2642912864685059","0.9876317977905273","0.9876317977905273","0.9876317977905273","1.21781587600708","1.21781587600708","1.21781587600708","1.0533077716827393","1.0533077716827393","1.0533077716827393","1.02854323387146","1.02854323387146","1.02854323387146","1.654627799987793","1.654627799987793","1.654627799987793"
"25","NaN","","","2.3025851249694824","2.3025851249694824","2.3025851249694824","1.9477295875549316","1.9477295875549316","1.9477295875549316","1.950278401374817","1.950278401374817","1.950278401374817","1.216104507446289","1.216104507446289","1.216104507446289","1.0009617805480957","1.0009617805480957","1.0009617805480957","0.9752688407897949","0.9752688407897949","0.9752688407897949","1.0830332040786743","1.0830332040786743","1.0830332040786743","1.2747628688812256","1.2747628688812256","1.2747628688812256","1.2480716705322266","1.2480716705322266","1.2480716705322266"
"26","NaN","","","2.3025851249694824","2.3025851249694824","2.3025851249694824","2.0042099952697754","2.0042099952697754","2.0042099952697754","1.6665823459625244","1.6665823459625244","1.6665823459625244","1.0575592517852783","1.0575592517852783","1.0575592517852783","0.9598932862281799","0.9598932862281799","0.9598932862281799","0.9564557671546936","0.9564557671546936","0.9564557671546936","1.2621440887451172","1.2621440887451172","1.2621440887451172","1.2777310609817505","1.2777310609817505","1.2777310609817505","1.3571566343307495","1.3571566343307495","1.3571566343307495"
"27","NaN","","","2.3025851249694824","2.3025851249694824","2.3025851249694824","2.1539876461029053","2.1539876461029053","2.1539876461029053","1.6404163837432861","1.6404163837432861","1.6404163837432861","1.2874360084533691","1.2874360084533691","1.2874360084533691","1.263423204421997","1.263423204421997","1.263423204421997","0.9364200830459595","0.9364200830459595","0.9364200830459595","1.1751048564910889","1.1751048564910889","1.1751048564910889","1.0782310962677002","1.0782310962677002","1.0782310962677002","1.5499022006988525","1.5499022006988525","1.5499022006988525"
"28","NaN","","","2.3025851249694824","2.3025851249694824","2.3025851249694824","2.214674949645996","2.214674949645996","2.214674949645996","1.5691542625427246","1.5691542625427246","1.5691542625427246","1.261695146560669","1.261695146560669","1.261695146560669","0.8901469707489014","0.8901469707489014","0.8901469707489014","1.0736092329025269","1.0736092329025269","1.0736092329025269","1.3035094738006592","1.3035094738006592","1.3035094738006592","1.1807080507278442","1.1807080507278442","1.1807080507278442","1.4808812141418457","1.4808812141418457","1.4808812141418457"
"29","NaN","","","2.3025851249694824","2.3025851249694824","2.3025851249694824","2.359450101852417","2.359450101852417","2.359450101852417","1.4734959602355957","1.4734959602355957","1.4734959602355957","1.2200090885162354","1.2200090885162354","1.2200090885162354","0.8987467288970947","0.8987467288970947","0.8987467288970947","0.9053020477294922","0.9053020477294922","0.9053020477294922","1.2075386047363281","1.2075386047363281","1.2075386047363281","1.4922223091125488","1.4922223091125488","1.4922223091125488","1.561806082725525","1.561806082725525","1.561806082725525"
"30","NaN","","","2.3025851249694824","2.3025851249694824","2.3025851249694824","2.0757200717926025","2.0757200717926025","2.0757200717926025","1.8962807655334473","1.8962807655334473","1.8962807655334473","0.9801706671714783","0.9801706671714783","0.9801706671714783","0.9187017679214478","0.9187017679214478","0.9187017679214478","1.0172520875930786","1.0172520875930786","1.0172520875930786","0.9331457614898682","0.9331457614898682","0.9331457614898682","1.183255672454834","1.183255672454834","1.183255672454834","1.3892515897750854","1.3892515897750854","1.3892515897750854"
"31","NaN","","","2.3025851249694824","2.3025851249694824","2.3025851249694824","2.250791072845459","2.250791072845459","2.250791072845459","1.5916342735290527","1.5916342735290527","1.5916342735290527","1.3546464443206787","1.3546464443206787","1.3546464443206787","0.9434481859207153","0.9434481859207153","0.9434481859207153","1.0665462017059326","1.0665462017059326","1.0665462017059326","1.1123900413513184","1.1123900413513184","1.1123900413513184","1.2035449743270874","1.2035449743270874","1.2035449743270874","1.5481598377227783","1.5481598377227783","1.5481598377227783"
"32","NaN","","","2.3025851249694824","2.3025851249694824","2.3025851249694824","2.101001501083374","2.101001501083374","2.101001501083374","1.5174643993377686","1.5174643993377686","1.5174643993377686","1.2085981369018555","1.2085981369018555","1.2085981369018555","1.1837230920791626","1.1837230920791626","1.1837230920791626","0.9291617274284363","0.9291617274284363","0.9291617274284363","0.9817854166030884","0.9817854166030884","0.9817854166030884","1.4470562934875488","1.4470562934875488","1.4470562934875488","1.59016752243042","1.59016752243042","1.59016752243042"
"33","NaN","","","2.3025851249694824","2.3025851249694824","2.3025851249694824","2.208867073059082","2.208867073059082","2.208867073059082","1.7940540313720703","1.7940540313720703","1.7940540313720703","1.2140161991119385","1.2140161991119385","1.2140161991119385","1.095881462097168","1.095881462097168","1.095881462097168","0.889374852180481","0.889374852180481","0.889374852180481","1.2223387956619263","1.2223387956619263","1.2223387956619263","1.3427356481552124","1.3427356481552124","1.3427356481552124","1.4529566764831543","1.4529566764831543","1.4529566764831543"
"34","NaN","","","2.3025851249694824","2.3025851249694824","2.3025851249694824","2.098519802093506","2.098519802093506","2.098519802093506","1.675361156463623","1.675361156463623","1.675361156463623","1.0360759496688843","1.0360759496688843","1.0360759496688843","0.9108898043632507","0.9108898043632507","0.9108898043632507","0.8865699768066406","0.8865699768066406","0.8865699768066406","0.9255361557006836","0.9255361557006836","0.9255361557006836","0.9600196480751038","0.9600196480751038","0.9600196480751038","1.3941643238067627","1.3941643238067627","1.3941643238067627"
"35","NaN","","","2.3025851249694824","2.3025851249694824","2.3025851249694824","2.090343952178955","2.090343952178955","2.090343952178955","1.5342965126037598","1.5342965126037598","1.5342965126037598","1.1839696168899536","1.1839696168899536","1.1839696168899536","0.866223931312561","0.866223931312561","0.866223931312561","1.1646229028701782","1.1646229028701782","1.1646229028701782","1.0809487104415894","1.0809487104415894","1.0809487104415894","0.9746004343032837","0.9746004343032837","0.9746004343032837","1.3324871063232422","1.3324871063232422","1.3324871063232422"
"36","NaN","","","2.3025851249694824","2.3025851249694824","2.3025851249694824","2.039107084274292","2.039107084274292","2.039107084274292","1.7274723052978516","1.7274723052978516","1.7274723052978516","1.0383327007293701","1.0383327007293701","1.0383327007293701","0.9711383581161499","0.9711383581161499","0.9711383581161499","0.8559669256210327","0.8559669256210327","0.8559669256210327","1.0767871141433716","1.0767871141433716","1.0767871141433716","1.087656021118164","1.087656021118164","1.087656021118164","1.3364790678024292","1.3364790678024292","1.3364790678024292"
"37","NaN","","","2.3025851249694824","2.3025851249694824","2.3025851249694824","2.2277064323425293","2.2277064323425293","2.2277064323425293","1.5806858539581299","1.5806858539581299","1.5806858539581299","1.0758816003799438","1.0758816003799438","1.0758816003799438","1.1191174983978271","1.1191174983978271","1.1191174983978271","1.1189771890640259","1.1189771890640259","1.1189771890640259","1.0917860269546509","1.0917860269546509","1.0917860269546509","1.186067819595337","1.186067819595337","1.186067819595337","1.2760868072509766","1.2760868072509766","1.2760868072509766"
"38","NaN","","","2.3025851249694824","2.3025851249694824","2.3025851249694824","2.3449044227600098","2.3449044227600098","2.3449044227600098","1.5969568490982056","1.5969568490982056","1.5969568490982056","1.2195125818252563","1.2195125818252563","1.2195125818252563","0.8773468732833862","0.8773468732833862","0.8773468732833862","0.9712366461753845","0.9712366461753845","0.9712366461753845","1.0870609283447266","1.0870609283447266","1.0870609283447266","1.174006700515747","1.174006700515747","1.174006700515747","1.174891471862793","1.174891471862793","1.174891471862793"
"39","NaN","","","2.3025851249694824","2.3025851249694824","2.3025851249694824","2.1397218704223633","2.1397218704223633","2.1397218704223633","1.8171725273132324","1.8171725273132324","1.8171725273132324","1.1734044551849365","1.1734044551849365","1.1734044551849365","0.8528650403022766","0.8528650403022766","0.8528650403022766","0.8271220922470093","0.8271220922470093","0.8271220922470093","0.9737070798873901","0.9737070798873901","0.9737070798873901","1.2377995252609253","1.2377995252609253","1.2377995252609253","1.2056772708892822","1.2056772708892822","1.2056772708892822"
"40","NaN","","","2.3025851249694824","2.3025851249694824","2.3025851249694824","2.102881908416748","2.102881908416748","2.102881908416748","1.28380286693573","1.28380286693573","1.28380286693573","1.012962818145752","1.012962818145752","1.012962818145752","0.9101455211639404","0.9101455211639404","0.9101455211639404","0.8077451586723328","0.8077451586723328","0.8077451586723328","0.878025472164154","0.878025472164154","0.878025472164154","0.9385783672332764","0.9385783672332764","0.9385783672332764","1.2128026485443115","1.2128026485443115","1.2128026485443115"
"41","NaN","","","2.3025851249694824","2.3025851249694824","2.3025851249694824","2.088526964187622","2.088526964187622","2.088526964187622","1.7893733978271484","1.7893733978271484","1.7893733978271484","1.1202373504638672","1.1202373504638672","1.1202373504638672","0.6975091695785522","0.6975091695785522","0.6975091695785522","0.7955626845359802","0.7955626845359802","0.7955626845359802","0.8123581409454346","0.8123581409454346","0.8123581409454346","1.0761592388153076","1.0761592388153076","1.0761592388153076","1.6551964282989502","1.6551964282989502","1.6551964282989502"
"42","NaN","","","2.3025851249694824","2.3025851249694824","2.3025851249694824","2.6250524520874023","2.6250524520874023","2.6250524520874023","1.720287561416626","1.720287561416626","1.720287561416626","1.1690713167190552","1.1690713167190552","1.1690713167190552","0.8811126351356506","0.8811126351356506","0.8811126351356506","0.7641797065734863","0.7641797065734863","0.7641797065734863","1.0219340324401855","1.0219340324401855","1.0219340324401855","0.9910281896591187","0.9910281896591187","0.9910281896591187","1.0814247131347656","1.0814247131347656","1.0814247131347656"
"43","NaN","","","2.3025851249694824","2.3025851249694824","2.3025851249694824","2.063603401184082","2.063603401184082","2.063603401184082","1.8546698093414307","1.8546698093414307","1.8546698093414307","1.1005222797393799","1.1005222797393799","1.1005222797393799","0.7744364738464355","0.7744364738464355","0.7744364738464355","0.7333515882492065","0.7333515882492065","0.7333515882492065","0.802739143371582","0.802739143371582","0.802739143371582","1.2500066757202148","1.2500066757202148","1.2500066757202148","1.2558808326721191","1.2558808326721191","1.2558808326721191"
"44","NaN","","","2.3025851249694824","2.3025851249694824","2.3025851249694824","2.1302006244659424","2.1302006244659424","2.1302006244659424","1.6811060905456543","1.6811060905456543","1.6811060905456543","0.8906647562980652","0.8906647562980652","0.8906647562980652","0.881771981716156","0.881771981716156","0.881771981716156","1.022193193435669","1.022193193435669","1.022193193435669","0.9293798208236694","0.9293798208236694","0.9293798208236694","1.2002155780792236","1.2002155780792236","1.2002155780792236","1.2199440002441406","1.2199440002441406","1.2199440002441406"
"45","NaN","","","2.3025851249694824","2.3025851249694824","2.3025851249694824","2.1715898513793945","2.1715898513793945","2.1715898513793945","1.7858350276947021","1.7858350276947021","1.7858350276947021","0.7536263465881348","0.7536263465881348","0.7536263465881348","0.7331606149673462","0.7331606149673462","0.7331606149673462","0.6636641025543213","0.6636641025543213","0.6636641025543213","0.9957050085067749","0.9957050085067749","0.9957050085067749","1.0132580995559692","1.0132580995559692","1.0132580995559692","1.290452003479004","1.290452003479004","1.290452003479004"
"46","NaN","","","2.3025851249694824","2.3025851249694824","2.3025851249694824","2.1731648445129395","2.1731648445129395","2.1731648445129395","1.8699426651000977","1.8699426651000977","1.8699426651000977","1.1769696474075317","1.1769696474075317","1.1769696474075317","0.8181498050689697","0.8181498050689697","0.8181498050689697","0.7816649675369263","0.7816649675369263","0.7816649675369263","0.9759734869003296","0.9759734869003296","0.9759734869003296","1.2544965744018555","1.2544965744018555","1.2544965744018555","1.1518917083740234","1.1518917083740234","1.1518917083740234"
"47","NaN","","","2.3025851249694824","2.3025851249694824","2.3025851249694824","2.250582218170166","2.250582218170166","2.250582218170166","1.7776628732681274","1.7776628732681274","1.7776628732681274","1.0430904626846313","1.0430904626846313","1.0430904626846313","0.7331113219261169","0.7331113219261169","0.7331113219261169","0.8730493783950806","0.8730493783950806","0.8730493783950806","0.7620417475700378","0.7620417475700378","0.7620417475700378","1.0927233695983887","1.0927233695983887","1.0927233695983887","1.1940683126449585","1.1940683126449585","1.1940683126449585"
"48","NaN","","","2.3025851249694824","2.3025851249694824","2.3025851249694824","2.4081835746765137","2.4081835746765137","2.4081835746765137","1.6008427143096924","1.6008427143096924","1.6008427143096924","0.6584928035736084","0.6584928035736084","0.6584928035736084","1.0054867267608643","1.0054867267608643","1.0054867267608643","0.7947119474411011","0.7947119474411011","0.7947119474411011","1.0527899265289307","1.0527899265289307","1.0527899265289307","1.1027047634124756","1.1027047634124756","1.1027047634124756","1.1708130836486816","1.1708130836486816","1.1708130836486816"
"49","NaN","","","2.3025851249694824","2.3025851249694824","2.3025851249694824","2.441291332244873","2.441291332244873","2.441291332244873","1.6779030561447144","1.6779030561447144","1.6779030561447144","1.2627267837524414","1.2627267837524414","1.2627267837524414","0.5563522577285767","0.5563522577285767","0.5563522577285767","0.9045670032501221","0.9045670032501221","0.9045670032501221","1.0078768730163574","1.0078768730163574","1.0078768730163574","1.0418007373809814","1.0418007373809814","1.0418007373809814","1.2676877975463867","1.2676877975463867","1.2676877975463867"
"50","NaN","","","2.3025851249694824","2.3025851249694824","2.3025851249694824","2.217496156692505","2.217496156692505","2.217496156692505","1.5071265697479248","1.5071265697479248","1.5071265697479248","0.9911133646965027","0.9911133646965027","0.9911133646965027","0.6907448768615723","0.6907448768615723","0.6907448768615723","0.7461518049240112","0.7461518049240112","0.7461518049240112","1.0609335899353027","1.0609335899353027","1.0609335899353027","1.0648962259292603","1.0648962259292603","1.0648962259292603","1.3308289051055908","1.3308289051055908","1.3308289051055908"
"51","NaN","","","2.303422212600708","2.303422212600708","2.303422212600708","2.199977397918701","2.199977397918701","2.199977397918701","1.7187929153442383","1.7187929153442383","1.7187929153442383","0.7306522727012634","0.7306522727012634","0.7306522727012634","0.7209783792495728","0.7209783792495728","0.7209783792495728","0.7966318130493164","0.7966318130493164","0.7966318130493164","0.8159968852996826","0.8159968852996826","0.8159968852996826","1.0435352325439453","1.0435352325439453","1.0435352325439453","1.0257765054702759","1.0257765054702759","1.0257765054702759"
"52","NaN","","","2.3025851249694824","2.3025851249694824","2.3025851249694824","2.3725686073303223","2.3725686073303223","2.3725686073303223","1.6419768333435059","1.6419768333435059","1.6419768333435059","0.8751490116119385","0.8751490116119385","0.8751490116119385","0.7752768993377686","0.7752768993377686","0.7752768993377686","0.6997372508049011","0.6997372508049011","0.6997372508049011","0.6900380849838257","0.6900380849838257","0.6900380849838257","1.0919787883758545","1.0919787883758545","1.0919787883758545","1.005753993988037","1.005753993988037","1.005753993988037"
"53","NaN","","","2.3025851249694824","2.3025851249694824","2.3025851249694824","2.134873867034912","2.134873867034912","2.134873867034912","1.512073278427124","1.512073278427124","1.512073278427124","0.9609912633895874","0.9609912633895874","0.9609912633895874","0.7014586925506592","0.7014586925506592","0.7014586925506592","1.033109188079834","1.033109188079834","1.033109188079834","0.7963765263557434","0.7963765263557434","0.7963765263557434","1.0773671865463257","1.0773671865463257","1.0773671865463257","1.3554317951202393","1.3554317951202393","1.3554317951202393"
"54","NaN","","","2.3025851249694824","2.3025851249694824","2.3025851249694824","2.155449390411377","2.155449390411377","2.155449390411377","1.539813756942749","1.539813756942749","1.539813756942749","0.961895227432251","0.961895227432251","0.961895227432251","0.571053147315979","0.571053147315979","0.571053147315979","0.8258851766586304","0.8258851766586304","0.8258851766586304","0.8354722857475281","0.8354722857475281","0.8354722857475281","1.0223896503448486","1.0223896503448486","1.0223896503448486","1.449026107788086","1.449026107788086","1.449026107788086"
"55","NaN","","","2.3025851249694824","2.3025851249694824","2.3025851249694824","2.2141072750091553","2.2141072750091553","2.2141072750091553","1.3561222553253174","1.3561222553253174","1.3561222553253174","1.0024864673614502","1.0024864673614502","1.0024864673614502","0.5783699750900269","0.5783699750900269","0.5783699750900269","0.640080451965332","0.640080451965332","0.640080451965332","0.862947940826416","0.862947940826416","0.862947940826416","0.7952532172203064","0.7952532172203064","0.7952532172203064","1.2525827884674072","1.2525827884674072","1.2525827884674072"
"56","NaN","","","2.3025851249694824","2.3025851249694824","2.3025851249694824","2.2406957149505615","2.2406957149505615","2.2406957149505615","1.460536241531372","1.460536241531372","1.460536241531372","1.0100581645965576","1.0100581645965576","1.0100581645965576","0.754185676574707","0.754185676574707","0.754185676574707","0.6869378089904785","0.6869378089904785","0.6869378089904785","0.9238662123680115","0.9238662123680115","0.9238662123680115","0.831317663192749","0.831317663192749","0.831317663192749","1.2235840559005737","1.2235840559005737","1.2235840559005737"
"57","NaN","","","2.3025851249694824","2.3025851249694824","2.3025851249694824","2.3078551292419434","2.3078551292419434","2.3078551292419434","1.583099603652954","1.583099603652954","1.583099603652954","1.220147728919983","1.220147728919983","1.220147728919983","0.5573317408561707","0.5573317408561707","0.5573317408561707","0.5492432117462158","0.5492432117462158","0.5492432117462158","0.8135170340538025","0.8135170340538025","0.8135170340538025","0.857994794845581","0.857994794845581","0.857994794845581","1.2966002225875854","1.2966002225875854","1.2966002225875854"
"58","NaN","","","2.3025851249694824","2.3025851249694824","2.3025851249694824","2.1698548793792725","2.1698548793792725","2.1698548793792725","1.813920259475708","1.813920259475708","1.813920259475708","0.8041079044342041","0.8041079044342041","0.8041079044342041","0.7631321549415588","0.7631321549415588","0.7631321549415588","0.6315022110939026","0.6315022110939026","0.6315022110939026","0.9101569056510925","0.9101569056510925","0.9101569056510925","0.8969054222106934","0.8969054222106934","0.8969054222106934","1.0838581323623657","1.0838581323623657","1.0838581323623657"
"59","NaN","","","2.3025851249694824","2.3025851249694824","2.3025851249694824","2.3412516117095947","2.3412516117095947","2.3412516117095947","1.6232815980911255","1.6232815980911255","1.6232815980911255","1.0904021263122559","1.0904021263122559","1.0904021263122559","0.6153062582015991","0.6153062582015991","0.6153062582015991","0.9128788709640503","0.9128788709640503","0.9128788709640503","0.8032704591751099","0.8032704591751099","0.8032704591751099","1.152692437171936","1.152692437171936","1.152692437171936","1.178393840789795","1.178393840789795","1.178393840789795"
"60","NaN","","","2.3025851249694824","2.3025851249694824","2.3025851249694824","2.218841552734375","2.218841552734375","2.218841552734375","1.3206417560577393","1.3206417560577393","1.3206417560577393","0.9333857893943787","0.9333857893943787","0.9333857893943787","0.6278660893440247","0.6278660893440247","0.6278660893440247","0.5916433334350586","0.5916433334350586","0.5916433334350586","0.5654391646385193","0.5654391646385193","0.5654391646385193","0.9476826190948486","0.9476826190948486","0.9476826190948486","1.0846933126449585","1.0846933126449585","1.0846933126449585"
"61","NaN","","","2.3025851249694824","2.3025851249694824","2.3025851249694824","2.2305874824523926","2.2305874824523926","2.2305874824523926","1.7995436191558838","1.7995436191558838","1.7995436191558838","0.9371753334999084","0.9371753334999084","0.9371753334999084","0.688328742980957","0.688328742980957","0.688328742980957","0.6425834894180298","0.6425834894180298","0.6425834894180298","0.9296437501907349","0.9296437501907349","0.9296437501907349","1.0624589920043945","1.0624589920043945","1.0624589920043945","1.17151939868927","1.17151939868927","1.17151939868927"
"62","NaN","","","2.3025851249694824","2.3025851249694824","2.3025851249694824","2.181239604949951","2.181239604949951","2.181239604949951","1.8112738132476807","1.8112738132476807","1.8112738132476807","0.9582159519195557","0.9582159519195557","0.9582159519195557","0.6624530553817749","0.6624530553817749","0.6624530553817749","0.6201857924461365","0.6201857924461365","0.6201857924461365","0.6949643492698669","0.6949643492698669","0.6949643492698669","0.8040528297424316","0.8040528297424316","0.8040528297424316","1.1571338176727295","1.1571338176727295","1.1571338176727295"
"63","NaN","","","2.3025851249694824","2.3025851249694824","2.3025851249694824","2.321413993835449","2.321413993835449","2.321413993835449","1.6869926452636719","1.6869926452636719","1.6869926452636719","1.0522410869598389","1.0522410869598389","1.0522410869598389","0.5272725820541382","0.5272725820541382","0.5272725820541382","0.5541691780090332","0.5541691780090332","0.5541691780090332","0.8135522603988647","0.8135522603988647","0.8135522603988647","0.9981188774108887","0.9981188774108887","0.9981188774108887","1.195927381515503","1.195927381515503","1.195927381515503"
"64","NaN","","","2.3025851249694824","2.3025851249694824","2.3025851249694824","2.347811698913574","2.347811698913574","2.347811698913574","1.7156727313995361","1.7156727313995361","1.7156727313995361","1.162774920463562","1.162774920463562","1.162774920463562","0.6969987154006958","0.6969987154006958","0.6969987154006958","0.6197548508644104","0.6197548508644104","0.6197548508644104","0.6264569163322449","0.6264569163322449","0.6264569163322449","0.9188315868377686","0.9188315868377686","0.9188315868377686","1.0931828022003174","1.0931828022003174","1.0931828022003174"
"65","NaN","","","2.3025851249694824","2.3025851249694824","2.3025851249694824","2.2370054721832275","2.2370054721832275","2.2370054721832275","1.5975384712219238","1.5975384712219238","1.5975384712219238","0.7709340453147888","0.7709340453147888","0.7709340453147888","0.7537872791290283","0.7537872791290283","0.7537872791290283","0.6357392072677612","0.6357392072677612","0.6357392072677612","0.7111952304840088","0.7111952304840088","0.7111952304840088","0.8420814275741577","0.8420814275741577","0.8420814275741577","1.046194314956665","1.046194314956665","1.046194314956665"
"66","NaN","","","2.3025851249694824","2.3025851249694824","2.3025851249694824","2.2642931938171387","2.2642931938171387","2.2642931938171387","1.6129004955291748","1.6129004955291748","1.6129004955291748","1.1146869659423828","1.1146869659423828","1.1146869659423828","0.7286688685417175","0.7286688685417175","0.7286688685417175","0.7050699591636658","0.7050699591636658","0.7050699591636658","0.6969022750854492","0.6969022750854492","0.6969022750854492","0.8846822381019592","0.8846822381019592","0.8846822381019592","1.2451272010803223","1.2451272010803223","1.2451272010803223"
"67","NaN","","","2.3025851249694824","2.3025851249694824","2.3025851249694824","2.063596725463867","2.063596725463867","2.063596725463867","1.5507633686065674","1.5507633686065674","1.5507633686065674","0.8241488933563232","0.8241488933563232","0.8241488933563232","0.456283837556839","0.456283837556839","0.456283837556839","0.41098693013191223","0.41098693013191223","0.41098693013191223","0.8357964158058167","0.8357964158058167","0.8357964158058167","1.1982519626617432","1.1982519626617432","1.1982519626617432","1.4806890487670898","1.4806890487670898","1.4806890487670898"
"68","NaN","","","2.3025851249694824","2.3025851249694824","2.3025851249694824","2.3014392852783203","2.3014392852783203","2.3014392852783203","1.5894739627838135","1.5894739627838135","1.5894739627838135","0.9479650259017944","0.9479650259017944","0.9479650259017944","0.5841348767280579","0.5841348767280579","0.5841348767280579","0.5808037519454956","0.5808037519454956","0.5808037519454956","0.9522009491920471","0.9522009491920471","0.9522009491920471","1.029177188873291","1.029177188873291","1.029177188873291","1.2306506633758545","1.2306506633758545","1.2306506633758545"
"69","NaN","","","2.3025851249694824","2.3025851249694824","2.3025851249694824","2.2932040691375732","2.2932040691375732","2.2932040691375732","1.609814167022705","1.609814167022705","1.609814167022705","1.0452163219451904","1.0452163219451904","1.0452163219451904","0.3705148696899414","0.3705148696899414","0.3705148696899414","0.5557516813278198","0.5557516813278198","0.5557516813278198","0.6589947938919067","0.6589947938919067","0.6589947938919067","0.8932535648345947","0.8932535648345947","0.8932535648345947","1.1037018299102783","1.1037018299102783","1.1037018299102783"
"70","NaN","","","2.3025851249694824","2.3025851249694824","2.3025851249694824","2.00726580619812","2.00726580619812","2.00726580619812","1.648612380027771","1.648612380027771","1.648612380027771","0.7275297045707703","0.7275297045707703","0.7275297045707703","0.5844775438308716","0.5844775438308716","0.5844775438308716","0.6648899912834167","0.6648899912834167","0.6648899912834167","0.626335859298706","0.626335859298706","0.626335859298706","0.7214823961257935","0.7214823961257935","0.7214823961257935","1.0506443977355957","1.0506443977355957","1.0506443977355957"
"71","NaN","","","2.3025851249694824","2.3025851249694824","2.3025851249694824","1.917173147201538","1.917173147201538","1.917173147201538","1.2548730373382568","1.2548730373382568","1.2548730373382568","0.7757116556167603","0.7757116556167603","0.7757116556167603","0.5671951174736023","0.5671951174736023","0.5671951174736023","0.7026901841163635","0.7026901841163635","0.7026901841163635","0.5573735237121582","0.5573735237121582","0.5573735237121582","1.0757209062576294","1.0757209062576294","1.0757209062576294","1.0784190893173218","1.0784190893173218","1.0784190893173218"
"72","NaN","","","2.3025851249694824","2.3025851249694824","2.3025851249694824","2.2080883979797363","2.2080883979797363","2.2080883979797363","1.5508919954299927","1.5508919954299927","1.5508919954299927","1.1411911249160767","1.1411911249160767","1.1411911249160767","0.6025409698486328","0.6025409698486328","0.6025409698486328","0.7501926422119141","0.7501926422119141","0.7501926422119141","0.7511719465255737","0.7511719465255737","0.7511719465255737","0.8177136778831482","0.8177136778831482","0.8177136778831482","1.087845802307129","1.087845802307129","1.087845802307129"
"73","NaN","","","2.3025851249694824","2.3025851249694824","2.3025851249694824","2.2120580673217773","2.2120580673217773","2.2120580673217773","1.3341853618621826","1.3341853618621826","1.3341853618621826","0.9118691682815552","0.9118691682815552","0.9118691682815552","0.7678058743476868","0.7678058743476868","0.7678058743476868","0.41449305415153503","0.41449305415153503","0.41449305415153503","0.9346073865890503","0.9346073865890503","0.9346073865890503","0.974560022354126","0.974560022354126","0.974560022354126","1.057944893836975","1.057944893836975","1.057944893836975"
"74","NaN","","","2.3025851249694824","2.3025851249694824","2.3025851249694824","2.0894417762756348","2.0894417762756348","2.0894417762756348","1.6901506185531616","1.6901506185531616","1.6901506185531616","0.6356499195098877","0.6356499195098877","0.6356499195098877","0.6356244087219238","0.6356244087219238","0.6356244087219238","0.33739542961120605","0.33739542961120605","0.33739542961120605","0.6104418635368347","0.6104418635368347","0.6104418635368347","0.8169459104537964","0.8169459104537964","0.8169459104537964","0.9383078217506409","0.9383078217506409","0.9383078217506409"
"75","NaN","","","2.3025851249694824","2.3025851249694824","2.3025851249694824","2.2958972454071045","2.2958972454071045","2.2958972454071045","1.3246897459030151","1.3246897459030151","1.3246897459030151","0.8271092772483826","0.8271092772483826","0.8271092772483826","0.4050002098083496","0.4050002098083496","0.4050002098083496","0.40797293186187744","0.40797293186187744","0.40797293186187744","0.5647356510162354","0.5647356510162354","0.5647356510162354","0.6489815711975098","0.6489815711975098","0.6489815711975098","1.2101545333862305","1.2101545333862305","1.2101545333862305"
"76","NaN","","","2.3025851249694824","2.3025851249694824","2.3025851249694824","2.147151231765747","2.147151231765747","2.147151231765747","1.5569069385528564","1.5569069385528564","1.5569069385528564","0.864923357963562","0.864923357963562","0.864923357963562","0.5844824314117432","0.5844824314117432","0.5844824314117432","0.49813544750213623","0.49813544750213623","0.49813544750213623","0.5829707384109497","0.5829707384109497","0.5829707384109497","0.8279436826705933","0.8279436826705933","0.8279436826705933","1.2201550006866455","1.2201550006866455","1.2201550006866455"
"77","NaN","","","2.3025851249694824","2.3025851249694824","2.3025851249694824","2.0697786808013916","2.0697786808013916","2.0697786808013916","1.2892839908599854","1.2892839908599854","1.2892839908599854","0.6826184391975403","0.6826184391975403","0.6826184391975403","0.6064920425415039","0.6064920425415039","0.6064920425415039","0.4881795048713684","0.4881795048713684","0.4881795048713684","0.650303304195404","0.650303304195404","0.650303304195404","0.6835662722587585","0.6835662722587585","0.6835662722587585","0.9202918410301208","0.9202918410301208","0.9202918410301208"
"78","NaN","","","2.3025851249694824","2.3025851249694824","2.3025851249694824","2.2164995670318604","2.2164995670318604","2.2164995670318604","1.5536391735076904","1.5536391735076904","1.5536391735076904","0.7730575799942017","0.7730575799942017","0.7730575799942017","0.34742820262908936","0.34742820262908936","0.34742820262908936","0.2786089777946472","0.2786089777946472","0.2786089777946472","0.6930692195892334","0.6930692195892334","0.6930692195892334","0.8921912908554077","0.8921912908554077","0.8921912908554077","1.1061511039733887","1.1061511039733887","1.1061511039733887"
"79","NaN","","","2.3025851249694824","2.3025851249694824","2.3025851249694824","2.183018684387207","2.183018684387207","2.183018684387207","1.4127758741378784","1.4127758741378784","1.4127758741378784","0.918840765953064","0.918840765953064","0.918840765953064","0.666141152381897","0.666141152381897","0.666141152381897","0.413768470287323","0.413768470287323","0.413768470287323","0.8134573698043823","0.8134573698043823","0.8134573698043823","0.7929112911224365","0.7929112911224365","0.7929112911224365","1.3957788944244385","1.3957788944244385","1.3957788944244385"
"80","NaN","","","2.3025851249694824","2.3025851249694824","2.3025851249694824","2.1713898181915283","2.1713898181915283","2.1713898181915283","1.9447388648986816","1.9447388648986816","1.9447388648986816","0.6508750915527344","0.6508750915527344","0.6508750915527344","0.3477029800415039","0.3477029800415039","0.3477029800415039","0.43235790729522705","0.43235790729522705","0.43235790729522705","0.7848604917526245","0.7848604917526245","0.7848604917526245","0.6538116335868835","0.6538116335868835","0.6538116335868835","1.043342113494873","1.043342113494873","1.043342113494873"
"81","NaN","","","2.3025851249694824","2.3025851249694824","2.3025851249694824","2.0252981185913086","2.0252981185913086","2.0252981185913086","1.564079999923706","1.564079999923706","1.564079999923706","0.5927079319953918","0.5927079319953918","0.5927079319953918","0.7042983770370483","0.7042983770370483","0.7042983770370483","0.5584651231765747","0.5584651231765747","0.5584651231765747","0.5542307496070862","0.5542307496070862","0.5542307496070862","0.8541312217712402","0.8541312217712402","0.8541312217712402","1.1013487577438354","1.1013487577438354","1.1013487577438354"
"82","NaN","","","2.3025851249694824","2.3025851249694824","2.3025851249694824","2.0721545219421387","2.0721545219421387","2.0721545219421387","1.566420078277588","1.566420078277588","1.566420078277588","0.8283754587173462","0.8283754587173462","0.8283754587173462","0.64603191614151","0.64603191614151","0.64603191614151","0.42040854692459106","0.42040854692459106","0.42040854692459106","0.6904204487800598","0.6904204487800598","0.6904204487800598","0.6788981556892395","0.6788981556892395","0.6788981556892395","1.0567997694015503","1.0567997694015503","1.0567997694015503"
"83","NaN","","","2.3025851249694824","2.3025851249694824","2.3025851249694824","2.1067159175872803","2.1067159175872803","2.1067159175872803","1.6152818202972412","1.6152818202972412","1.6152818202972412","0.39017802476882935","0.39017802476882935","0.39017802476882935","0.711409866809845","0.711409866809845","0.711409866809845","0.43965858221054077","0.43965858221054077","0.43965858221054077","0.6080182790756226","0.6080182790756226","0.6080182790756226","0.6910660266876221","0.6910660266876221","0.6910660266876221","0.8529377579689026","0.8529377579689026","0.8529377579689026"
"84","NaN","","","2.3025851249694824","2.3025851249694824","2.3025851249694824","2.40516996383667","2.40516996383667","2.40516996383667","1.5729546546936035","1.5729546546936035","1.5729546546936035","0.5705652236938477","0.5705652236938477","0.5705652236938477","0.6429855823516846","0.6429855823516846","0.6429855823516846","0.4343670904636383","0.4343670904636383","0.4343670904636383","0.6409974098205566","0.6409974098205566","0.6409974098205566","0.9565761089324951","0.9565761089324951","0.9565761089324951","1.0849252939224243","1.0849252939224243","1.0849252939224243"
"85","NaN","","","2.3025851249694824","2.3025851249694824","2.3025851249694824","2.2756481170654297","2.2756481170654297","2.2756481170654297","1.2600886821746826","1.2600886821746826","1.2600886821746826","0.9277794361114502","0.9277794361114502","0.9277794361114502","0.37361395359039307","0.37361395359039307","0.37361395359039307","0.5292502641677856","0.5292502641677856","0.5292502641677856","0.5445318818092346","0.5445318818092346","0.5445318818092346","0.6704946756362915","0.6704946756362915","0.6704946756362915","0.7276816368103027","0.7276816368103027","0.7276816368103027"
"86","NaN","","","2.3025851249694824","2.3025851249694824","2.3025851249694824","2.2809712886810303","2.2809712886810303","2.2809712886810303","1.6523010730743408","1.6523010730743408","1.6523010730743408","0.7378766536712646","0.7378766536712646","0.7378766536712646","0.4954022467136383","0.4954022467136383","0.4954022467136383","0.5338708162307739","0.5338708162307739","0.5338708162307739","0.8047042489051819","0.8047042489051819","0.8047042489051819","0.7718352675437927","0.7718352675437927","0.7718352675437927","0.8150641918182373","0.8150641918182373","0.8150641918182373"
"87","NaN","","","2.3025851249694824","2.3025851249694824","2.3025851249694824","2.272149085998535","2.272149085998535","2.272149085998535","1.3770420551300049","1.3770420551300049","1.3770420551300049","0.6228544116020203","0.6228544116020203","0.6228544116020203","0.4756072461605072","0.4756072461605072","0.4756072461605072","0.4583268165588379","0.4583268165588379","0.4583268165588379","0.31167325377464294","0.31167325377464294","0.31167325377464294","0.8511844873428345","0.8511844873428345","0.8511844873428345","0.8944096565246582","0.8944096565246582","0.8944096565246582"
"88","NaN","","","2.3025851249694824","2.3025851249694824","2.3025851249694824","2.2000722885131836","2.2000722885131836","2.2000722885131836","1.8029695749282837","1.8029695749282837","1.8029695749282837","0.4929318130016327","0.4929318130016327","0.4929318130016327","0.599622368812561","0.599622368812561","0.599622368812561","0.30773481726646423","0.30773481726646423","0.30773481726646423","0.6464128494262695","0.6464128494262695","0.6464128494262695","0.6914913058280945","0.6914913058280945","0.6914913058280945","0.8166344165802002","0.8166344165802002","0.8166344165802002"
"89","NaN","","","2.3025851249694824","2.3025851249694824","2.3025851249694824","2.2174317836761475","2.2174317836761475","2.2174317836761475","1.54288911819458","1.54288911819458","1.54288911819458","0.5483523607254028","0.5483523607254028","0.5483523607254028","0.4999241828918457","0.4999241828918457","0.4999241828918457","0.3399392366409302","0.3399392366409302","0.3399392366409302","0.5672578811645508","0.5672578811645508","0.5672578811645508","0.7529152035713196","0.7529152035713196","0.7529152035713196","0.9996128678321838","0.9996128678321838","0.9996128678321838"
"90","NaN","","","2.3025851249694824","2.3025851249694824","2.3025851249694824","2.085109233856201","2.085109233856201","2.085109233856201","1.3649778366088867","1.3649778366088867","1.3649778366088867","0.5770013332366943","0.5770013332366943","0.5770013332366943","0.3059922456741333","0.3059922456741333","0.3059922456741333","0.6695070266723633","0.6695070266723633","0.6695070266723633","0.4023683965206146","0.4023683965206146","0.4023683965206146","0.8908506631851196","0.8908506631851196","0.8908506631851196","1.1533293724060059","1.1533293724060059","1.1533293724060059"
"91","NaN","","","2.3025851249694824","2.3025851249694824","2.3025851249694824","2.258209705352783","2.258209705352783","2.258209705352783","1.5478650331497192","1.5478650331497192","1.5478650331497192","0.8767589330673218","0.8767589330673218","0.8767589330673218","0.34158653020858765","0.34158653020858765","0.34158653020858765","0.3936390280723572","0.3936390280723572","0.3936390280723572","0.8102708458900452","0.8102708458900452","0.8102708458900452","0.7694557905197144","0.7694557905197144","0.7694557905197144","0.9453393220901489","0.9453393220901489","0.9453393220901489"
"92","NaN","","","2.3025851249694824","2.3025851249694824","2.3025851249694824","2.2186522483825684","2.2186522483825684","2.2186522483825684","1.5476112365722656","1.5476112365722656","1.5476112365722656","0.6148177981376648","0.6148177981376648","0.6148177981376648","0.4615617096424103","0.4615617096424103","0.4615617096424103","0.3135524392127991","0.3135524392127991","0.3135524392127991","0.7625274062156677","0.7625274062156677","0.7625274062156677","0.8389885425567627","0.8389885425567627","0.8389885425567627","0.9825502634048462","0.9825502634048462","0.9825502634048462"
"93","NaN","","","2.3025851249694824","2.3025851249694824","2.3025851249694824","2.133054733276367","2.133054733276367","2.133054733276367","1.3460121154785156","1.3460121154785156","1.3460121154785156","0.5979071855545044","0.5979071855545044","0.5979071855545044","0.32002049684524536","0.32002049684524536","0.32002049684524536","0.4397103190422058","0.4397103190422058","0.4397103190422058","0.30324357748031616","0.30324357748031616","0.30324357748031616","0.8354076147079468","0.8354076147079468","0.8354076147079468","0.9653760194778442","0.9653760194778442","0.9653760194778442"
"94","NaN","","","2.3025851249694824","2.3025851249694824","2.3025851249694824","2.2366576194763184","2.2366576194763184","2.2366576194763184","1.2439932823181152","1.2439932823181152","1.2439932823181152","0.5884323120117188","0.5884323120117188","0.5884323120117188","0.22946466505527496","0.22946466505527496","0.22946466505527496","0.41166719794273376","0.41166719794273376","0.41166719794273376","0.3851732611656189","0.3851732611656189","0.3851732611656189","0.7305907011032104","0.7305907011032104","0.7305907011032104","1.1270771026611328","1.1270771026611328","1.1270771026611328"
"95","NaN","","","2.3025851249694824","2.3025851249694824","2.3025851249694824","2.278714656829834","2.278714656829834","2.278714656829834","1.4364114999771118","1.4364114999771118","1.4364114999771118","0.5186128616333008","0.5186128616333008","0.5186128616333008","0.3246203660964966","0.3246203660964966","0.3246203660964966","0.34601640701293945","0.34601640701293945","0.34601640701293945","0.5357879996299744","0.5357879996299744","0.5357879996299744","0.6073772311210632","0.6073772311210632","0.6073772311210632","0.9184614419937134","0.9184614419937134","0.9184614419937134"
"96","NaN","","","2.3025851249694824","2.3025851249694824","2.3025851249694824","2.010972261428833","2.010972261428833","2.010972261428833","1.331333875656128","1.331333875656128","1.331333875656128","0.7122921347618103","0.7122921347618103","0.7122921347618103","0.6181015372276306","0.6181015372276306","0.6181015372276306","0.31683987379074097","0.31683987379074097","0.31683987379074097","0.43482911586761475","0.43482911586761475","0.43482911586761475","0.5818947553634644","0.5818947553634644","0.5818947553634644","0.877248227596283","0.877248227596283","0.877248227596283"
"97","NaN","","","2.3025851249694824","2.3025851249694824","2.3025851249694824","2.2626795768737793","2.2626795768737793","2.2626795768737793","1.6250050067901611","1.6250050067901611","1.6250050067901611","0.6198307275772095","0.6198307275772095","0.6198307275772095","0.3055742383003235","0.3055742383003235","0.3055742383003235","0.27403128147125244","0.27403128147125244","0.27403128147125244","0.5056776404380798","0.5056776404380798","0.5056776404380798","0.6073866486549377","0.6073866486549377","0.6073866486549377","1.0868406295776367","1.0868406295776367","1.0868406295776367"
"98","NaN","","","2.3025851249694824","2.3025851249694824","2.3025851249694824","2.314743995666504","2.314743995666504","2.314743995666504","1.4607770442962646","1.4607770442962646","1.4607770442962646","0.6982359886169434","0.6982359886169434","0.6982359886169434","0.28184783458709717","0.28184783458709717","0.28184783458709717","0.4613875150680542","0.4613875150680542","0.4613875150680542","0.5906273722648621","0.5906273722648621","0.5906273722648621","0.5596812963485718","0.5596812963485718","0.5596812963485718","0.9803414344787598","0.9803414344787598","0.9803414344787598"
"99","NaN","","","2.3025851249694824","2.3025851249694824","2.3025851249694824","2.1351521015167236","2.1351521015167236","2.1351521015167236","1.6640104055404663","1.6640104055404663","1.6640104055404663","0.8319222927093506","0.8319222927093506","0.8319222927093506","0.33848387002944946","0.33848387002944946","0.33848387002944946","0.5631290674209595","0.5631290674209595","0.5631290674209595","0.38031676411628723","0.38031676411628723","0.38031676411628723","0.81183260679245","0.81183260679245","0.81183260679245","0.9068927764892578","0.9068927764892578","0.9068927764892578"
"100","NaN","","","2.3025851249694824","2.3025851249694824","2.3025851249694824","2.27742338180542","2.27742338180542","2.27742338180542","1.7066140174865723","1.7066140174865723","1.7066140174865723","0.8264914155006409","0.8264914155006409","0.8264914155006409","0.3231440484523773","0.3231440484523773","0.3231440484523773","0.19746023416519165","0.19746023416519165","0.19746023416519165","0.4179620146751404","0.4179620146751404","0.4179620146751404","0.5652855634689331","0.5652855634689331","0.5652855634689331","0.8867663741111755","0.8867663741111755","0.8867663741111755"
"101","NaN","","","2.3025851249694824","2.3025851249694824","2.3025851249694824","2.1333703994750977","2.1333703994750977","2.1333703994750977","1.4791430234909058","1.4791430234909058","1.4791430234909058","0.6048646569252014","0.6048646569252014","0.6048646569252014","0.2528286874294281","0.2528286874294281","0.2528286874294281","0.402837336063385","0.402837336063385","0.402837336063385","0.5768530368804932","0.5768530368804932","0.5768530368804932","0.536575198173523","0.536575198173523","0.536575198173523","0.9524163603782654","0.9524163603782654","0.9524163603782654"
"102","NaN","","","2.3025851249694824","2.3025851249694824","2.3025851249694824","2.3053770065307617","2.3053770065307617","2.3053770065307617","1.4329326152801514","1.4329326152801514","1.4329326152801514","0.6503913998603821","0.6503913998603821","0.6503913998603821","0.29818302392959595","0.29818302392959595","0.29818302392959595","0.3037683367729187","0.3037683367729187","0.3037683367729187","0.3634665608406067","0.3634665608406067","0.3634665608406067","0.8404425978660583","0.8404425978660583","0.8404425978660583","1.0140314102172852","1.0140314102172852","1.0140314102172852"
"103","NaN","","","2.3025851249694824","2.3025851249694824","2.3025851249694824","2.2398366928100586","2.2398366928100586","2.2398366928100586","1.47615647315979","1.47615647315979","1.47615647315979","0.688620924949646","0.688620924949646","0.688620924949646","0.23582875728607178","0.23582875728607178","0.23582875728607178","0.21948063373565674","0.21948063373565674","0.21948063373565674","0.44009196758270264","0.44009196758270264","0.44009196758270264","0.5284909605979919","0.5284909605979919","0.5284909605979919","0.8802605867385864","0.8802605867385864","0.8802605867385864"
"104","NaN","","","2.3025851249694824","2.3025851249694824","2.3025851249694824","2.294635772705078","2.294635772705078","2.294635772705078","1.3233251571655273","1.3233251571655273","1.3233251571655273","0.8789516687393188","0.8789516687393188","0.8789516687393188","0.4607617259025574","0.4607617259025574","0.4607617259025574","0.18142034113407135","0.18142034113407135","0.18142034113407135","0.52422696352005","0.52422696352005","0.52422696352005","0.676199197769165","0.676199197769165","0.676199197769165","1.06332528591156","1.06332528591156","1.06332528591156"
"105","NaN","","","2.3025851249694824","2.3025851249694824","2.3025851249694824","2.3209638595581055","2.3209638595581055","2.3209638595581055","1.6203079223632812","1.6203079223632812","1.6203079223632812","0.725204586982727","0.725204586982727","0.725204586982727","0.4631948471069336","0.4631948471069336","0.4631948471069336","0.4106518626213074","0.4106518626213074","0.4106518626213074","0.5269358158111572","0.5269358158111572","0.5269358158111572","0.6516648530960083","0.6516648530960083","0.6516648530960083","1.1772968769073486","1.1772968769073486","1.1772968769073486"
"106","NaN","","","2.3025851249694824","2.3025851249694824","2.3025851249694824","2.4451417922973633","2.4451417922973633","2.4451417922973633","1.5131947994232178","1.5131947994232178","1.5131947994232178","0.8068631887435913","0.8068631887435913","0.8068631887435913","0.18453828990459442","0.18453828990459442","0.18453828990459442","0.26141637563705444","0.26141637563705444","0.26141637563705444","0.3403131663799286","0.3403131663799286","0.3403131663799286","0.6485725045204163","0.6485725045204163","0.6485725045204163","1.0689139366149902","1.0689139366149902","1.0689139366149902"
"107","NaN","","","2.3025851249694824","2.3025851249694824","2.3025851249694824","2.402648448944092","2.402648448944092","2.402648448944092","1.8117876052856445","1.8117876052856445","1.8117876052856445","0.6420803070068359","0.6420803070068359","0.6420803070068359","0.322726309299469","0.322726309299469","0.322726309299469","0.2449381947517395","0.2449381947517395","0.2449381947517395","0.47507405281066895","0.47507405281066895","0.47507405281066895","0.5293241739273071","0.5293241739273071","0.5293241739273071","1.0485587120056152","1.0485587120056152","1.0485587120056152"
"108","NaN","","","2.3025851249694824","2.3025851249694824","2.3025851249694824","2.2463998794555664","2.2463998794555664","2.2463998794555664","1.5016369819641113","1.5016369819641113","1.5016369819641113","0.8064373731613159","0.8064373731613159","0.8064373731613159","0.29448947310447693","0.29448947310447693","0.29448947310447693","0.39492905139923096","0.39492905139923096","0.39492905139923096","0.6344332695007324","0.6344332695007324","0.6344332695007324","0.6910475492477417","0.6910475492477417","0.6910475492477417","0.9227075576782227","0.9227075576782227","0.9227075576782227"
"109","NaN","","","2.3025851249694824","2.3025851249694824","2.3025851249694824","2.1662440299987793","2.1662440299987793","2.1662440299987793","1.5955696105957031","1.5955696105957031","1.5955696105957031","0.85542893409729","0.85542893409729","0.85542893409729","0.24560725688934326","0.24560725688934326","0.24560725688934326","0.2599637806415558","0.2599637806415558","0.2599637806415558","0.23234696686267853","0.23234696686267853","0.23234696686267853","0.7406216859817505","0.7406216859817505","0.7406216859817505","0.8268035650253296","0.8268035650253296","0.8268035650253296"
"110","NaN","","","2.3025851249694824","2.3025851249694824","2.3025851249694824","2.2476718425750732","2.2476718425750732","2.2476718425750732","1.5363178253173828","1.5363178253173828","1.5363178253173828","0.6283436417579651","0.6283436417579651","0.6283436417579651","0.48903411626815796","0.48903411626815796","0.48903411626815796","0.22685003280639648","0.22685003280639648","0.22685003280639648","0.2643483877182007","0.2643483877182007","0.2643483877182007","0.7298964858055115","0.7298964858055115","0.7298964858055115","0.9213670492172241","0.9213670492172241","0.9213670492172241"
"111","NaN","","","2.3025851249694824","2.3025851249694824","2.3025851249694824","2.2546467781066895","2.2546467781066895","2.2546467781066895","1.4790698289871216","1.4790698289871216","1.4790698289871216","0.8271148204803467","0.8271148204803467","0.8271148204803467","0.3814384341239929","0.3814384341239929","0.3814384341239929","0.20942094922065735","0.20942094922065735","0.20942094922065735","0.3428305983543396","0.3428305983543396","0.3428305983543396","0.7258478403091431","0.7258478403091431","0.7258478403091431","0.8556095361709595","0.8556095361709595","0.8556095361709595"
"112","NaN","","","2.3025851249694824","2.3025851249694824","2.3025851249694824","2.2781524658203125","2.2781524658203125","2.2781524658203125","1.3941330909729004","1.3941330909729004","1.3941330909729004","0.643940269947052","0.643940269947052","0.643940269947052","0.3483615815639496","0.3483615815639496","0.3483615815639496","0.3396730124950409","0.3396730124950409","0.3396730124950409","0.4659953713417053","0.4659953713417053","0.4659953713417053","0.5168542861938477","0.5168542861938477","0.5168542861938477","1.076582431793213","1.076582431793213","1.076582431793213"
"113","NaN","","","2.3025851249694824","2.3025851249694824","2.3025851249694824","2.153574228286743","2.153574228286743","2.153574228286743","1.5620733499526978","1.5620733499526978","1.5620733499526978","0.789976179599762","0.789976179599762","0.789976179599762","0.4442415237426758","0.4442415237426758","0.4442415237426758","0.21876540780067444","0.21876540780067444","0.21876540780067444","0.4739266633987427","0.4739266633987427","0.4739266633987427","0.5279936790466309","0.5279936790466309","0.5279936790466309","0.9592851400375366","0.9592851400375366","0.9592851400375366"
"114","NaN","","","2.3025851249694824","2.3025851249694824","2.3025851249694824","2.157824993133545","2.157824993133545","2.157824993133545","1.3870009183883667","1.3870009183883667","1.3870009183883667","0.5750653743743896","0.5750653743743896","0.5750653743743896","0.22047340869903564","0.22047340869903564","0.22047340869903564","0.23782575130462646","0.23782575130462646","0.23782575130462646","0.5128980875015259","0.5128980875015259","0.5128980875015259","0.49177196621894836","0.49177196621894836","0.49177196621894836","0.8384753465652466","0.8384753465652466","0.8384753465652466"
"115","NaN","","","2.3025851249694824","2.3025851249694824","2.3025851249694824","2.2784719467163086","2.2784719467163086","2.2784719467163086","1.2579060792922974","1.2579060792922974","1.2579060792922974","0.780526340007782","0.780526340007782","0.780526340007782","0.20814138650894165","0.20814138650894165","0.20814138650894165","0.30584952235221863","0.30584952235221863","0.30584952235221863","0.30214017629623413","0.30214017629623413","0.30214017629623413","0.6279642581939697","0.6279642581939697","0.6279642581939697","0.9648044109344482","0.9648044109344482","0.9648044109344482"
"116","NaN","","","2.3025851249694824","2.3025851249694824","2.3025851249694824","2.2576324939727783","2.2576324939727783","2.2576324939727783","1.7766497135162354","1.7766497135162354","1.7766497135162354","0.40442273020744324","0.40442273020744324","0.40442273020744324","0.1691112369298935","0.1691112369298935","0.1691112369298935","0.1844964325428009","0.1844964325428009","0.1844964325428009","0.3609697222709656","0.3609697222709656","0.3609697222709656","0.5035736560821533","0.5035736560821533","0.5035736560821533","0.946219801902771","0.946219801902771","0.946219801902771"
"117","NaN","","","2.3025851249694824","2.3025851249694824","2.3025851249694824","2.5285496711730957","2.5285496711730957","2.5285496711730957","1.1202239990234375","1.1202239990234375","1.1202239990234375","0.5574878454208374","0.5574878454208374","0.5574878454208374","0.31376391649246216","0.31376391649246216","0.31376391649246216","0.21033237874507904","0.21033237874507904","0.21033237874507904","0.3560035228729248","0.3560035228729248","0.3560035228729248","0.6591314673423767","0.6591314673423767","0.6591314673423767","0.8685989379882812","0.8685989379882812","0.8685989379882812"
"118","NaN","","","2.3025851249694824","2.3025851249694824","2.3025851249694824","2.266519546508789","2.266519546508789","2.266519546508789","1.1013120412826538","1.1013120412826538","1.1013120412826538","0.5418524146080017","0.5418524146080017","0.5418524146080017","0.3608945608139038","0.3608945608139038","0.3608945608139038","0.11440543830394745","0.11440543830394745","0.11440543830394745","0.41000255942344666","0.41000255942344666","0.41000255942344666","0.5179705619812012","0.5179705619812012","0.5179705619812012","0.83174729347229","0.83174729347229","0.83174729347229"
"119","NaN","","","2.3025851249694824","2.3025851249694824","2.3025851249694824","2.251185894012451","2.251185894012451","2.251185894012451","1.6229712963104248","1.6229712963104248","1.6229712963104248","0.6851114630699158","0.6851114630699158","0.6851114630699158","0.3090706467628479","0.3090706467628479","0.3090706467628479","0.29196178913116455","0.29196178913116455","0.29196178913116455","0.3520471751689911","0.3520471751689911","0.3520471751689911","0.46956726908683777","0.46956726908683777","0.46956726908683777","0.8220087289810181","0.8220087289810181","0.8220087289810181"
"120","NaN","","","2.3025851249694824","2.3025851249694824","2.3025851249694824","2.2257332801818848","2.2257332801818848","2.2257332801818848","1.5180058479309082","1.5180058479309082","1.5180058479309082","0.673663854598999","0.673663854598999","0.673663854598999","0.2689192295074463","0.2689192295074463","0.2689192295074463","0.22211453318595886","0.22211453318595886","0.22211453318595886","0.4642084836959839","0.4642084836959839","0.4642084836959839","0.49475452303886414","0.49475452303886414","0.49475452303886414","1.046095609664917","1.046095609664917","1.046095609664917"
"121","NaN","","","2.3025851249694824","2.3025851249694824","2.3025851249694824","2.372678756713867","2.372678756713867","2.372678756713867","0.9790380597114563","0.9790380597114563","0.9790380597114563","0.4896223545074463","0.4896223545074463","0.4896223545074463","0.39379626512527466","0.39379626512527466","0.39379626512527466","0.24556146562099457","0.24556146562099457","0.24556146562099457","0.22842901945114136","0.22842901945114136","0.22842901945114136","0.49093347787857056","0.49093347787857056","0.49093347787857056","0.8260027766227722","0.8260027766227722","0.8260027766227722"
"122","NaN","","","2.3025851249694824","2.3025851249694824","2.3025851249694824","2.3168864250183105","2.3168864250183105","2.3168864250183105","1.4818122386932373","1.4818122386932373","1.4818122386932373","0.5749220252037048","0.5749220252037048","0.5749220252037048","0.27895060181617737","0.27895060181617737","0.27895060181617737","0.14891056716442108","0.14891056716442108","0.14891056716442108","0.4035056233406067","0.4035056233406067","0.4035056233406067","0.47847098112106323","0.47847098112106323","0.47847098112106323","0.7678912281990051","0.7678912281990051","0.7678912281990051"
"123","NaN","","","2.3025851249694824","2.3025851249694824","2.3025851249694824","2.2912354469299316","2.2912354469299316","2.2912354469299316","1.4516185522079468","1.4516185522079468","1.4516185522079468","0.8514870405197144","0.8514870405197144","0.8514870405197144","0.34011149406433105","0.34011149406433105","0.34011149406433105","0.14343981444835663","0.14343981444835663","0.14343981444835663","0.22919440269470215","0.22919440269470215","0.22919440269470215","0.5379216074943542","0.5379216074943542","0.5379216074943542","0.7277116775512695","0.7277116775512695","0.7277116775512695"
"124","NaN","","","2.3025851249694824","2.3025851249694824","2.3025851249694824","2.3749163150787354","2.3749163150787354","2.3749163150787354","1.7027268409729004","1.7027268409729004","1.7027268409729004","0.7815930843353271","0.7815930843353271","0.7815930843353271","0.2442336231470108","0.2442336231470108","0.2442336231470108","0.21272897720336914","0.21272897720336914","0.21272897720336914","0.34741324186325073","0.34741324186325073","0.34741324186325073","0.478044331073761","0.478044331073761","0.478044331073761","0.7523114681243896","0.7523114681243896","0.7523114681243896"
"125","NaN","","","2.3025851249694824","2.3025851249694824","2.3025851249694824","2.4919469356536865","2.4919469356536865","2.4919469356536865","1.4794819355010986","1.4794819355010986","1.4794819355010986","1.1436011791229248","1.1436011791229248","1.1436011791229248","0.24452996253967285","0.24452996253967285","0.24452996253967285","0.3785003423690796","0.3785003423690796","0.3785003423690796","0.26347148418426514","0.26347148418426514","0.26347148418426514","0.42844319343566895","0.42844319343566895","0.42844319343566895","0.8459515571594238","0.8459515571594238","0.8459515571594238"
"126","NaN","","","2.3025851249694824","2.3025851249694824","2.3025851249694824","2.3133249282836914","2.3133249282836914","2.3133249282836914","2.068347930908203","2.068347930908203","2.068347930908203","0.773959219455719","0.773959219455719","0.773959219455719","0.3972681164741516","0.3972681164741516","0.3972681164741516","0.2880426049232483","0.2880426049232483","0.2880426049232483","0.1763017326593399","0.1763017326593399","0.1763017326593399","0.5896897315979004","0.5896897315979004","0.5896897315979004","0.860578179359436","0.860578179359436","0.860578179359436"
"127","NaN","","","2.3025851249694824","2.3025851249694824","2.3025851249694824","2.2682580947875977","2.2682580947875977","2.2682580947875977","1.2768412828445435","1.2768412828445435","1.2768412828445435","0.6479864120483398","0.6479864120483398","0.6479864120483398","0.3514532446861267","0.3514532446861267","0.3514532446861267","0.1140170767903328","0.1140170767903328","0.1140170767903328","0.33605360984802246","0.33605360984802246","0.33605360984802246","0.5020096898078918","0.5020096898078918","0.5020096898078918","0.9761881828308105","0.9761881828308105","0.9761881828308105"
"128","NaN","","","2.3025851249694824","2.3025851249694824","2.3025851249694824","2.2623162269592285","2.2623162269592285","2.2623162269592285","1.4775463342666626","1.4775463342666626","1.4775463342666626","0.6562126874923706","0.6562126874923706","0.6562126874923706","0.1479834020137787","0.1479834020137787","0.1479834020137787","0.1880013346672058","0.1880013346672058","0.1880013346672058","0.2402697205543518","0.2402697205543518","0.2402697205543518","0.4892197847366333","0.4892197847366333","0.4892197847366333","0.6603700518608093","0.6603700518608093","0.6603700518608093"
"129","NaN","","","2.3025851249694824","2.3025851249694824","2.3025851249694824","2.231015682220459","2.231015682220459","2.231015682220459","1.7446939945220947","1.7446939945220947","1.7446939945220947","0.5984981060028076","0.5984981060028076","0.5984981060028076","0.34695523977279663","0.34695523977279663","0.34695523977279663","0.1300445795059204","0.1300445795059204","0.1300445795059204","0.25816410779953003","0.25816410779953003","0.25816410779953003","0.4045896530151367","0.4045896530151367","0.4045896530151367","0.6942137479782104","0.6942137479782104","0.6942137479782104"
"130","NaN","","","2.3025851249694824","2.3025851249694824","2.3025851249694824","2.3036818504333496","2.3036818504333496","2.3036818504333496","1.214402437210083","1.214402437210083","1.214402437210083","0.47457510232925415","0.47457510232925415","0.47457510232925415","0.2455497682094574","0.2455497682094574","0.2455497682094574","0.20796029269695282","0.20796029269695282","0.20796029269695282","0.23120377957820892","0.23120377957820892","0.23120377957820892","0.6226726770401001","0.6226726770401001","0.6226726770401001","0.6416165828704834","0.6416165828704834","0.6416165828704834"
"131","NaN","","","2.3025851249694824","2.3025851249694824","2.3025851249694824","2.3025851249694824","2.3025851249694824","2.3025851249694824","1.602276086807251","1.602276086807251","1.602276086807251","0.6500874757766724","0.6500874757766724","0.6500874757766724","0.39681708812713623","0.39681708812713623","0.39681708812713623","0.10968947410583496","0.10968947410583496","0.10968947410583496","0.33494293689727783","0.33494293689727783","0.33494293689727783","0.44897425174713135","0.44897425174713135","0.44897425174713135","0.8423322439193726","0.8423322439193726","0.8423322439193726"
"132","NaN","","","2.3025851249694824","2.3025851249694824","2.3025851249694824","2.2906715869903564","2.2906715869903564","2.2906715869903564","1.8663907051086426","1.8663907051086426","1.8663907051086426","1.059991717338562","1.059991717338562","1.059991717338562","0.448073148727417","0.448073148727417","0.448073148727417","0.11337310820817947","0.11337310820817947","0.11337310820817947","0.2033960372209549","0.2033960372209549","0.2033960372209549","0.43210893869400024","0.43210893869400024","0.43210893869400024","0.7066425085067749","0.7066425085067749","0.7066425085067749"
"133","NaN","","","2.3025851249694824","2.3025851249694824","2.3025851249694824","2.285271644592285","2.285271644592285","2.285271644592285","1.2863351106643677","1.2863351106643677","1.2863351106643677","0.4586758613586426","0.4586758613586426","0.4586758613586426","0.32335638999938965","0.32335638999938965","0.32335638999938965","0.19563400745391846","0.19563400745391846","0.19563400745391846","0.26620540022850037","0.26620540022850037","0.26620540022850037","0.38070207834243774","0.38070207834243774","0.38070207834243774","0.7321874499320984","0.7321874499320984","0.7321874499320984"
"134","NaN","","","2.3025851249694824","2.3025851249694824","2.3025851249694824","2.253134250640869","2.253134250640869","2.253134250640869","1.635396122932434","1.635396122932434","1.635396122932434","0.6392105221748352","0.6392105221748352","0.6392105221748352","0.3284447193145752","0.3284447193145752","0.3284447193145752","0.24991382658481598","0.24991382658481598","0.24991382658481598","0.31043553352355957","0.31043553352355957","0.31043553352355957","0.5989418625831604","0.5989418625831604","0.5989418625831604","0.738257884979248","0.738257884979248","0.738257884979248"
"135","NaN","","","2.3025851249694824","2.3025851249694824","2.3025851249694824","2.22664475440979","2.22664475440979","2.22664475440979","1.3676328659057617","1.3676328659057617","1.3676328659057617","1.132584810256958","1.132584810256958","1.132584810256958","0.31851398944854736","0.31851398944854736","0.31851398944854736","0.11773007363080978","0.11773007363080978","0.11773007363080978","0.24021625518798828","0.24021625518798828","0.24021625518798828","0.6178430318832397","0.6178430318832397","0.6178430318832397","0.7190018892288208","0.7190018892288208","0.7190018892288208"
"136","NaN","","","2.3025851249694824","2.3025851249694824","2.3025851249694824","2.2800724506378174","2.2800724506378174","2.2800724506378174","1.4681694507598877","1.4681694507598877","1.4681694507598877","0.6891766786575317","0.6891766786575317","0.6891766786575317","0.14777003228664398","0.14777003228664398","0.14777003228664398","0.20518168807029724","0.20518168807029724","0.20518168807029724","0.29309508204460144","0.29309508204460144","0.29309508204460144","0.5523778200149536","0.5523778200149536","0.5523778200149536","0.8366506695747375","0.8366506695747375","0.8366506695747375"
"137","NaN","","","2.3025851249694824","2.3025851249694824","2.3025851249694824","2.316833734512329","2.316833734512329","2.316833734512329","1.6138980388641357","1.6138980388641357","1.6138980388641357","0.4987671673297882","0.4987671673297882","0.4987671673297882","0.22047041356563568","0.22047041356563568","0.22047041356563568","0.08094599843025208","0.08094599843025208","0.08094599843025208","0.39322349429130554","0.39322349429130554","0.39322349429130554","0.49920132756233215","0.49920132756233215","0.49920132756233215","0.8190794587135315","0.8190794587135315","0.8190794587135315"
"138","NaN","","","2.3025851249694824","2.3025851249694824","2.3025851249694824","2.3025851249694824","2.3025851249694824","2.3025851249694824","1.796881914138794","1.796881914138794","1.796881914138794","0.45668846368789673","0.45668846368789673","0.45668846368789673","0.20163661241531372","0.20163661241531372","0.20163661241531372","0.0735553428530693","0.0735553428530693","0.0735553428530693","0.22157269716262817","0.22157269716262817","0.22157269716262817","0.5174187421798706","0.5174187421798706","0.5174187421798706","0.9015769958496094","0.9015769958496094","0.9015769958496094"
"139","NaN","","","2.3025851249694824","2.3025851249694824","2.3025851249694824","2.2486414909362793","2.2486414909362793","2.2486414909362793","1.728756070137024","1.728756070137024","1.728756070137024","0.9072915315628052","0.9072915315628052","0.9072915315628052","0.588690996170044","0.588690996170044","0.588690996170044","0.2282732129096985","0.2282732129096985","0.2282732129096985","0.22824952006340027","0.22824952006340027","0.22824952006340027","0.46747738122940063","0.46747738122940063","0.46747738122940063","0.8524428606033325","0.8524428606033325","0.8524428606033325"
"140","NaN","","","2.3025851249694824","2.3025851249694824","2.3025851249694824","2.266848564147949","2.266848564147949","2.266848564147949","1.4249337911605835","1.4249337911605835","1.4249337911605835","0.7430545091629028","0.7430545091629028","0.7430545091629028","0.12099635601043701","0.12099635601043701","0.12099635601043701","0.15847665071487427","0.15847665071487427","0.15847665071487427","0.15220600366592407","0.15220600366592407","0.15220600366592407","0.4660094380378723","0.4660094380378723","0.4660094380378723","0.8767715692520142","0.8767715692520142","0.8767715692520142"
"141","NaN","","","2.3025851249694824","2.3025851249694824","2.3025851249694824","2.295907735824585","2.295907735824585","2.295907735824585","1.638221025466919","1.638221025466919","1.638221025466919","0.8549774289131165","0.8549774289131165","0.8549774289131165","0.17503616213798523","0.17503616213798523","0.17503616213798523","0.08885206282138824","0.08885206282138824","0.08885206282138824","0.33948320150375366","0.33948320150375366","0.33948320150375366","0.4030892550945282","0.4030892550945282","0.4030892550945282","0.5953255891799927","0.5953255891799927","0.5953255891799927"
"142","NaN","","","2.3025851249694824","2.3025851249694824","2.3025851249694824","2.222074508666992","2.222074508666992","2.222074508666992","1.6105928421020508","1.6105928421020508","1.6105928421020508","0.7158440947532654","0.7158440947532654","0.7158440947532654","0.33006712794303894","0.33006712794303894","0.33006712794303894","0.05373845994472504","0.05373845994472504","0.05373845994472504","0.5329023599624634","0.5329023599624634","0.5329023599624634","0.5417826771736145","0.5417826771736145","0.5417826771736145","0.7467085123062134","0.7467085123062134","0.7467085123062134"
"143","NaN","","","2.3025851249694824","2.3025851249694824","2.3025851249694824","2.2197036743164062","2.2197036743164062","2.2197036743164062","1.4638704061508179","1.4638704061508179","1.4638704061508179","0.4775668680667877","0.4775668680667877","0.4775668680667877","0.1624344438314438","0.1624344438314438","0.1624344438314438","0.12020154297351837","0.12020154297351837","0.12020154297351837","0.2420773059129715","0.2420773059129715","0.2420773059129715","0.37464088201522827","0.37464088201522827","0.37464088201522827","0.6931220889091492","0.6931220889091492","0.6931220889091492"
"144","NaN","","","2.3025851249694824","2.3025851249694824","2.3025851249694824","3.002204656600952","3.002204656600952","3.002204656600952","1.6566460132598877","1.6566460132598877","1.6566460132598877","0.6145817041397095","0.6145817041397095","0.6145817041397095","0.42035937309265137","0.42035937309265137","0.42035937309265137","0.13801982998847961","0.13801982998847961","0.13801982998847961","0.14268553256988525","0.14268553256988525","0.14268553256988525","0.5786683559417725","0.5786683559417725","0.5786683559417725","0.5921592712402344","0.5921592712402344","0.5921592712402344"
"145","NaN","","","2.3025851249694824","2.3025851249694824","2.3025851249694824","2.237778425216675","2.237778425216675","2.237778425216675","1.5927863121032715","1.5927863121032715","1.5927863121032715","0.581172525882721","0.581172525882721","0.581172525882721","0.18029488623142242","0.18029488623142242","0.18029488623142242","0.08315345644950867","0.08315345644950867","0.08315345644950867","0.19380268454551697","0.19380268454551697","0.19380268454551697","0.45491623878479004","0.45491623878479004","0.45491623878479004","0.8489443063735962","0.8489443063735962","0.8489443063735962"
"146","NaN","","","2.3025851249694824","2.3025851249694824","2.3025851249694824","2.2502658367156982","2.2502658367156982","2.2502658367156982","1.7275898456573486","1.7275898456573486","1.7275898456573486","0.7925264835357666","0.7925264835357666","0.7925264835357666","0.36511534452438354","0.36511534452438354","0.36511534452438354","0.12175465375185013","0.12175465375185013","0.12175465375185013","0.24032524228096008","0.24032524228096008","0.24032524228096008","0.49376246333122253","0.49376246333122253","0.49376246333122253","0.7591823935508728","0.7591823935508728","0.7591823935508728"
"147","NaN","","","2.3025851249694824","2.3025851249694824","2.3025851249694824","2.2571768760681152","2.2571768760681152","2.2571768760681152","1.552614688873291","1.552614688873291","1.552614688873291","0.5835675001144409","0.5835675001144409","0.5835675001144409","0.15967972576618195","0.15967972576618195","0.15967972576618195","0.14717739820480347","0.14717739820480347","0.14717739820480347","0.15568485856056213","0.15568485856056213","0.15568485856056213","0.4439876675605774","0.4439876675605774","0.4439876675605774","0.7119333744049072","0.7119333744049072","0.7119333744049072"
"148","NaN","","","2.3025851249694824","2.3025851249694824","2.3025851249694824","2.266610622406006","2.266610622406006","2.266610622406006","1.061323642730713","1.061323642730713","1.061323642730713","0.4783083200454712","0.4783083200454712","0.4783083200454712","0.15515564382076263","0.15515564382076263","0.15515564382076263","0.15843208134174347","0.15843208134174347","0.15843208134174347","0.21450796723365784","0.21450796723365784","0.21450796723365784","0.39918380975723267","0.39918380975723267","0.39918380975723267","0.5617556571960449","0.5617556571960449","0.5617556571960449"
"149","NaN","","","2.3025851249694824","2.3025851249694824","2.3025851249694824","2.424783229827881","2.424783229827881","2.424783229827881","1.5443861484527588","1.5443861484527588","1.5443861484527588","0.7255033254623413","0.7255033254623413","0.7255033254623413","0.0727350264787674","0.0727350264787674","0.0727350264787674","0.17011895775794983","0.17011895775794983","0.17011895775794983","0.2941130995750427","0.2941130995750427","0.2941130995750427","0.4978063106536865","0.4978063106536865","0.4978063106536865","0.8307086229324341","0.8307086229324341","0.8307086229324341"
"150","NaN","","","2.3025851249694824","2.3025851249694824","2.3025851249694824","2.1951184272766113","2.1951184272766113","2.1951184272766113","1.7479758262634277","1.7479758262634277","1.7479758262634277","0.46296820044517517","0.46296820044517517","0.46296820044517517","0.3979661464691162","0.3979661464691162","0.3979661464691162","0.12458749860525131","0.12458749860525131","0.12458749860525131","0.1281788945198059","0.1281788945198059","0.1281788945198059","0.3618473410606384","0.3618473410606384","0.3618473410606384","0.7747602462768555","0.7747602462768555","0.7747602462768555"
"151","NaN","","","2.3025851249694824","2.3025851249694824","2.3025851249694824","2.3025851249694824","2.3025851249694824","2.3025851249694824","1.8916382789611816","1.8916382789611816","1.8916382789611816","0.7003083229064941","0.7003083229064941","0.7003083229064941","0.20433709025382996","0.20433709025382996","0.20433709025382996","0.10306873917579651","0.10306873917579651","0.10306873917579651","0.17925572395324707","0.17925572395324707","0.17925572395324707","0.5819543600082397","0.5819543600082397","0.5819543600082397","0.5224196910858154","0.5224196910858154","0.5224196910858154"
"152","NaN","","","2.3025851249694824","2.3025851249694824","2.3025851249694824","2.3764986991882324","2.3764986991882324","2.3764986991882324","1.31162691116333","1.31162691116333","1.31162691116333","0.4619367718696594","0.4619367718696594","0.4619367718696594","0.08042167872190475","0.08042167872190475","0.08042167872190475","0.06781782954931259","0.06781782954931259","0.06781782954931259","0.16137495636940002","0.16137495636940002","0.16137495636940002","0.31273794174194336","0.31273794174194336","0.31273794174194336","0.6213655471801758","0.6213655471801758","0.6213655471801758"
"153","NaN","","","2.3025851249694824","2.3025851249694824","2.3025851249694824","2.2394886016845703","2.2394886016845703","2.2394886016845703","1.7485243082046509","1.7485243082046509","1.7485243082046509","0.48722946643829346","0.48722946643829346","0.48722946643829346","0.262633740901947","0.262633740901947","0.262633740901947","0.1335943043231964","0.1335943043231964","0.1335943043231964","0.23326610028743744","0.23326610028743744","0.23326610028743744","0.45066896080970764","0.45066896080970764","0.45066896080970764","0.4953572750091553","0.4953572750091553","0.4953572750091553"
"154","NaN","","","2.3025851249694824","2.3025851249694824","2.3025851249694824","2.3025851249694824","2.3025851249694824","2.3025851249694824","1.5267784595489502","1.5267784595489502","1.5267784595489502","0.9072942137718201","0.9072942137718201","0.9072942137718201","0.16656151413917542","0.16656151413917542","0.16656151413917542","0.10576607286930084","0.10576607286930084","0.10576607286930084","0.13920365273952484","0.13920365273952484","0.13920365273952484","0.44931745529174805","0.44931745529174805","0.44931745529174805","0.7595200538635254","0.7595200538635254","0.7595200538635254"
"155","NaN","","","2.3025851249694824","2.3025851249694824","2.3025851249694824","2.283752679824829","2.283752679824829","2.283752679824829","1.2705762386322021","1.2705762386322021","1.2705762386322021","0.786372184753418","0.786372184753418","0.786372184753418","0.39404401183128357","0.39404401183128357","0.39404401183128357","0.09731914103031158","0.09731914103031158","0.09731914103031158","0.14770522713661194","0.14770522713661194","0.14770522713661194","0.2606012225151062","0.2606012225151062","0.2606012225151062","0.8316116333007812","0.8316116333007812","0.8316116333007812"
"156","NaN","","","2.3025851249694824","2.3025851249694824","2.3025851249694824","2.2629048824310303","2.2629048824310303","2.2629048824310303","1.7232232093811035","1.7232232093811035","1.7232232093811035","0.9100067615509033","0.9100067615509033","0.9100067615509033","0.17091797292232513","0.17091797292232513","0.17091797292232513","0.15321317315101624","0.15321317315101624","0.15321317315101624","0.14391110837459564","0.14391110837459564","0.14391110837459564","0.3354756832122803","0.3354756832122803","0.3354756832122803","0.744149923324585","0.744149923324585","0.744149923324585"
"157","NaN","","","2.3025851249694824","2.3025851249694824","2.3025851249694824","2.272965431213379","2.272965431213379","2.272965431213379","1.450358271598816","1.450358271598816","1.450358271598816","0.6586464643478394","0.6586464643478394","0.6586464643478394","0.24893417954444885","0.24893417954444885","0.24893417954444885","0.08476851880550385","0.08476851880550385","0.08476851880550385","0.2573114037513733","0.2573114037513733","0.2573114037513733","0.3126198351383209","0.3126198351383209","0.3126198351383209","0.7476117610931396","0.7476117610931396","0.7476117610931396"